Id,SalePrice
1,1999.99
2,1999.99
3,1999.99
4,1999.99
5,1999.99
6,1999.99
7,1999.99
8,1999.99
9,1999.99
10,1999.99
11,1999.99
12,1999.99
13,1999.99
14,1999.99
15,1999.99
16,1999.99
17,1999.99
18,1999.99
19,1999.99
20,1999.99
21,1999.99
22,1999.99
23,1999.99
24,1999.99
25,1999.99
26,1999.99
27,1999.99
28,1999.99
29,1999.99
30,1999.99
31,1999.99
32,1999.99
33,1999.99
34,1999.99
35,1999.99
36,1999.99
37,1999.99
38,1999.99
39,1999.99
40,1999.99
41,1999.99
42,1999.99
43,1999.99
44,1999.99
45,1999.99
46,1999.99
47,1999.99
48,1999.99
49,1999.99
50,1999.99
51,1999.99
52,1999.99
53,1999.99
54,1999.99
55,1999.99
56,1999.99
57,1999.99
58,1999.99
59,1999.99
60,1999.99
61,1999.99
62,1999.99
63,1999.99
64,1999.99
65,1999.99
66,1999.99
67,1999.99
68,1999.99
69,1999.99
70,1999.99
71,1999.99
72,1999.99
73,1999.99
74,1999.99
75,1999.99
76,1999.99
77,1999.99
78,1999.99
79,1999.99
80,1999.99
81,1999.99
82,1999.99
83,1999.99
84,1999.99
85,1999.99
86,1999.99
87,1999.99
88,1999.99
89,1999.99
90,1999.99
91,1999.99
92,1999.99
93,1999.99
94,1999.99
95,1999.99
96,1999.99
97,1999.99
98,1999.99
99,1999.99
100,1999.99
101,1999.99
102,1999.99
103,1999.99
104,1999.99
105,1999.99
106,1999.99
107,1999.99
108,1999.99
109,1999.99
110,1999.99
111,1999.99
112,1999.99
113,1999.99
114,1999.99
115,1999.99
116,1999.99
117,1999.99
118,1999.99
119,1999.99
120,1999.99
121,1999.99
122,1999.99
123,1999.99
124,1999.99
125,1999.99
126,1999.99
127,1999.99
128,1999.99
129,1999.99
130,1999.99
131,1999.99
132,1999.99
133,1999.99
134,1999.99
135,1999.99
136,1999.99
137,1999.99
138,1999.99
139,1999.99
140,1999.99
141,1999.99
142,1999.99
143,1999.99
144,1999.99
145,1999.99
146,1999.99
147,1999.99
148,1999.99
149,1999.99
150,1999.99
151,1999.99
152,1999.99
153,1999.99
154,1999.99
155,1999.99
156,1999.99
157,1999.99
158,1999.99
159,1999.99
160,1999.99
161,1999.99
162,1999.99
163,1999.99
164,1999.99
165,1999.99
166,1999.99
167,1999.99
168,1999.99
169,1999.99
170,1999.99
171,1999.99
172,1999.99
173,1999.99
174,1999.99
175,1999.99
176,1999.99
177,1999.99
178,1999.99
179,1999.99
180,1999.99
181,1999.99
182,1999.99
183,1999.99
184,1999.99
185,1999.99
186,1999.99
187,1999.99
188,1999.99
189,1999.99
190,1999.99
191,1999.99
192,1999.99
193,1999.99
194,1999.99
195,1999.99
196,1999.99
197,1999.99
198,1999.99
199,1999.99
200,1999.99
201,1999.99
202,1999.99
203,1999.99
204,1999.99
205,1999.99
206,1999.99
207,1999.99
208,1999.99
209,1999.99
210,1999.99
211,1999.99
212,1999.99
213,1999.99
214,1999.99
215,1999.99
216,1999.99
217,1999.99
218,1999.99
219,1999.99
220,1999.99
221,1999.99
222,1999.99
223,1999.99
224,1999.99
225,1999.99
226,1999.99
227,1999.99
228,1999.99
229,1999.99
230,1999.99
231,1999.99
232,1999.99
233,1999.99
234,1999.99
235,1999.99
236,1999.99
237,1999.99
238,1999.99
239,1999.99
240,1999.99
241,1999.99
242,1999.99
243,1999.99
244,1999.99
245,1999.99
246,1999.99
247,1999.99
248,1999.99
249,1999.99
250,1999.99
251,1999.99
252,1999.99
253,1999.99
254,1999.99
255,1999.99
256,1999.99
257,1999.99
258,1999.99
259,1999.99
260,1999.99
261,1999.99
262,1999.99
263,1999.99
264,1999.99
265,1999.99
266,1999.99
267,1999.99
268,1999.99
269,1999.99
270,1999.99
271,1999.99
272,1999.99
273,1999.99
274,1999.99
275,1999.99
276,1999.99
277,1999.99
278,1999.99
279,1999.99
280,1999.99
281,1999.99
282,1999.99
283,1999.99
284,1999.99
285,1999.99
286,1999.99
287,1999.99
288,1999.99
289,1999.99
290,1999.99
291,1999.99
292,1999.99
293,1999.99
294,1999.99
295,1999.99
296,1999.99
297,1999.99
298,1999.99
299,1999.99
300,1999.99
301,1999.99
302,1999.99
303,1999.99
304,1999.99
305,1999.99
306,1999.99
307,1999.99
308,1999.99
309,1999.99
310,1999.99
311,1999.99
312,1999.99
313,1999.99
314,1999.99
315,1999.99
316,1999.99
317,1999.99
318,1999.99
319,1999.99
320,1999.99
321,1999.99
322,1999.99
323,1999.99
324,1999.99
325,1999.99
326,1999.99
327,1999.99
328,1999.99
329,1999.99
330,1999.99
331,1999.99
332,1999.99
333,1999.99
334,1999.99
335,1999.99
336,1999.99
337,1999.99
338,1999.99
339,1999.99
340,1999.99
341,1999.99
342,1999.99
343,1999.99
344,1999.99
345,1999.99
346,1999.99
347,1999.99
348,1999.99
349,1999.99
350,1999.99
351,1999.99
352,1999.99
353,1999.99
354,1999.99
355,1999.99
356,1999.99
357,1999.99
358,1999.99
359,1999.99
360,1999.99
361,1999.99
362,1999.99
363,1999.99
364,1999.99
365,1999.99
366,1999.99
367,1999.99
368,1999.99
369,1999.99
370,1999.99
371,1999.99
372,1999.99
373,1999.99
374,1999.99
375,1999.99
376,1999.99
377,1999.99
378,1999.99
379,1999.99
380,1999.99
381,1999.99
382,1999.99
383,1999.99
384,1999.99
385,1999.99
386,1999.99
387,1999.99
388,1999.99
389,1999.99
390,1999.99
391,1999.99
392,1999.99
393,1999.99
394,1999.99
395,1999.99
396,1999.99
397,1999.99
398,1999.99
399,1999.99
400,1999.99
401,1999.99
402,1999.99
403,1999.99
404,1999.99
405,1999.99
406,1999.99
407,1999.99
408,1999.99
409,1999.99
410,1999.99
411,1999.99
412,1999.99
413,1999.99
414,1999.99
415,1999.99
416,1999.99
417,1999.99
418,1999.99
419,1999.99
420,1999.99
421,1999.99
422,1999.99
423,1999.99
424,1999.99
425,1999.99
426,1999.99
427,1999.99
428,1999.99
429,1999.99
430,1999.99
431,1999.99
432,1999.99
433,1999.99
434,1999.99
435,1999.99
436,1999.99
437,1999.99
438,1999.99
439,1999.99
440,1999.99
441,1999.99
442,1999.99
443,1999.99
444,1999.99
445,1999.99
446,1999.99
447,1999.99
448,1999.99
449,1999.99
450,1999.99
451,1999.99
452,1999.99
453,1999.99
454,1999.99
455,1999.99
456,1999.99
457,1999.99
458,1999.99
459,1999.99
460,1999.99
461,1999.99
462,1999.99
463,1999.99
464,1999.99
465,1999.99
466,1999.99
467,1999.99
468,1999.99
469,1999.99
470,1999.99
471,1999.99
472,1999.99
473,1999.99
474,1999.99
475,1999.99
476,1999.99
477,1999.99
478,1999.99
479,1999.99
480,1999.99
481,1999.99
482,1999.99
483,1999.99
484,1999.99
485,1999.99
486,1999.99
487,1999.99
488,1999.99
489,1999.99
490,1999.99
491,1999.99
492,1999.99
493,1999.99
494,1999.99
495,1999.99
496,1999.99
497,1999.99
498,1999.99
499,1999.99
500,1999.99
501,1999.99
502,1999.99
503,1999.99
504,1999.99
505,1999.99
506,1999.99
507,1999.99
508,1999.99
509,1999.99
510,1999.99
511,1999.99
512,1999.99
513,1999.99
514,1999.99
515,1999.99
516,1999.99
517,1999.99
518,1999.99
519,1999.99
520,1999.99
521,1999.99
522,1999.99
523,1999.99
524,1999.99
525,1999.99
526,1999.99
527,1999.99
528,1999.99
529,1999.99
530,1999.99
531,1999.99
532,1999.99
533,1999.99
534,1999.99
535,1999.99
536,1999.99
537,1999.99
538,1999.99
539,1999.99
540,1999.99
541,1999.99
542,1999.99
543,1999.99
544,1999.99
545,1999.99
546,1999.99
547,1999.99
548,1999.99
549,1999.99
550,1999.99
551,1999.99
552,1999.99
553,1999.99
554,1999.99
555,1999.99
556,1999.99
557,1999.99
558,1999.99
559,1999.99
560,1999.99
561,1999.99
562,1999.99
563,1999.99
564,1999.99
565,1999.99
566,1999.99
567,1999.99
568,1999.99
569,1999.99
570,1999.99
571,1999.99
572,1999.99
573,1999.99
574,1999.99
575,1999.99
576,1999.99
577,1999.99
578,1999.99
579,1999.99
580,1999.99
581,1999.99
582,1999.99
583,1999.99
584,1999.99
585,1999.99
586,1999.99
587,1999.99
588,1999.99
589,1999.99
590,1999.99
591,1999.99
592,1999.99
593,1999.99
594,1999.99
595,1999.99
596,1999.99
597,1999.99
598,1999.99
599,1999.99
600,1999.99
601,1999.99
602,1999.99
603,1999.99
604,1999.99
605,1999.99
606,1999.99
607,1999.99
608,1999.99
609,1999.99
610,1999.99
611,1999.99
612,1999.99
613,1999.99
614,1999.99
615,1999.99
616,1999.99
617,1999.99
618,1999.99
619,1999.99
620,1999.99
621,1999.99
622,1999.99
623,1999.99
624,1999.99
625,1999.99
626,1999.99
627,1999.99
628,1999.99
629,1999.99
630,1999.99
631,1999.99
632,1999.99
633,1999.99
634,1999.99
635,1999.99
636,1999.99
637,1999.99
638,1999.99
639,1999.99
640,1999.99
641,1999.99
642,1999.99
643,1999.99
644,1999.99
645,1999.99
646,1999.99
647,1999.99
648,1999.99
649,1999.99
650,1999.99
651,1999.99
652,1999.99
653,1999.99
654,1999.99
655,1999.99
656,1999.99
657,1999.99
658,1999.99
659,1999.99
660,1999.99
661,1999.99
662,1999.99
663,1999.99
664,1999.99
665,1999.99
666,1999.99
667,1999.99
668,1999.99
669,1999.99
670,1999.99
671,1999.99
672,1999.99
673,1999.99
674,1999.99
675,1999.99
676,1999.99
677,1999.99
678,1999.99
679,1999.99
680,1999.99
681,1999.99
682,1999.99
683,1999.99
684,1999.99
685,1999.99
686,1999.99
687,1999.99
688,1999.99
689,1999.99
690,1999.99
691,1999.99
692,1999.99
693,1999.99
694,1999.99
695,1999.99
696,1999.99
697,1999.99
698,1999.99
699,1999.99
700,1999.99
701,1999.99
702,1999.99
703,1999.99
704,1999.99
705,1999.99
706,1999.99
707,1999.99
708,1999.99
709,1999.99
710,1999.99
711,1999.99
712,1999.99
713,1999.99
714,1999.99
715,1999.99
716,1999.99
717,1999.99
718,1999.99
719,1999.99
720,1999.99
721,1999.99
722,1999.99
723,1999.99
724,1999.99
725,1999.99
726,1999.99
727,1999.99
728,1999.99
729,1999.99
730,1999.99
731,1999.99
732,1999.99
733,1999.99
734,1999.99
735,1999.99
736,1999.99
737,1999.99
738,1999.99
739,1999.99
740,1999.99
741,1999.99
742,1999.99
743,1999.99
744,1999.99
745,1999.99
746,1999.99
747,1999.99
748,1999.99
749,1999.99
750,1999.99
751,1999.99
752,1999.99
753,1999.99
754,1999.99
755,1999.99
756,1999.99
757,1999.99
758,1999.99
759,1999.99
760,1999.99
761,1999.99
762,1999.99
763,1999.99
764,1999.99
765,1999.99
766,1999.99
767,1999.99
768,1999.99
769,1999.99
770,1999.99
771,1999.99
772,1999.99
773,1999.99
774,1999.99
775,1999.99
776,1999.99
777,1999.99
778,1999.99
779,1999.99
780,1999.99
781,1999.99
782,1999.99
783,1999.99
784,1999.99
785,1999.99
786,1999.99
787,1999.99
788,1999.99
789,1999.99
790,1999.99
791,1999.99
792,1999.99
793,1999.99
794,1999.99
795,1999.99
796,1999.99
797,1999.99
798,1999.99
799,1999.99
800,1999.99
801,1999.99
802,1999.99
803,1999.99
804,1999.99
805,1999.99
806,1999.99
807,1999.99
808,1999.99
809,1999.99
810,1999.99
811,1999.99
812,1999.99
813,1999.99
814,1999.99
815,1999.99
816,1999.99
817,1999.99
818,1999.99
819,1999.99
820,1999.99
821,1999.99
822,1999.99
823,1999.99
824,1999.99
825,1999.99
826,1999.99
827,1999.99
828,1999.99
829,1999.99
830,1999.99
831,1999.99
832,1999.99
833,1999.99
834,1999.99
835,1999.99
836,1999.99
837,1999.99
838,1999.99
839,1999.99
840,1999.99
841,1999.99
842,1999.99
843,1999.99
844,1999.99
845,1999.99
846,1999.99
847,1999.99
848,1999.99
849,1999.99
850,1999.99
851,1999.99
852,1999.99
853,1999.99
854,1999.99
855,1999.99
856,1999.99
857,1999.99
858,1999.99
859,1999.99
860,1999.99
861,1999.99
862,1999.99
863,1999.99
864,1999.99
865,1999.99
866,1999.99
867,1999.99
868,1999.99
869,1999.99
870,1999.99
871,1999.99
872,1999.99
873,1999.99
874,1999.99
875,1999.99
876,1999.99
877,1999.99
878,1999.99
879,1999.99
880,1999.99
881,1999.99
882,1999.99
883,1999.99
884,1999.99
885,1999.99
886,1999.99
887,1999.99
888,1999.99
889,1999.99
890,1999.99
891,1999.99
892,1999.99
893,1999.99
894,1999.99
895,1999.99
896,1999.99
897,1999.99
898,1999.99
899,1999.99
900,1999.99
901,1999.99
902,1999.99
903,1999.99
904,1999.99
905,1999.99
906,1999.99
907,1999.99
908,1999.99
909,1999.99
910,1999.99
911,1999.99
912,1999.99
913,1999.99
914,1999.99
915,1999.99
916,1999.99
917,1999.99
918,1999.99
919,1999.99
920,1999.99
921,1999.99
922,1999.99
923,1999.99
924,1999.99
925,1999.99
926,1999.99
927,1999.99
928,1999.99
929,1999.99
930,1999.99
931,1999.99
932,1999.99
933,1999.99
934,1999.99
935,1999.99
936,1999.99
937,1999.99
938,1999.99
939,1999.99
940,1999.99
941,1999.99
942,1999.99
943,1999.99
944,1999.99
945,1999.99
946,1999.99
947,1999.99
948,1999.99
949,1999.99
950,1999.99
951,1999.99
952,1999.99
953,1999.99
954,1999.99
955,1999.99
956,1999.99
957,1999.99
958,1999.99
959,1999.99
960,1999.99
961,1999.99
962,1999.99
963,1999.99
964,1999.99
965,1999.99
966,1999.99
967,1999.99
968,1999.99
969,1999.99
970,1999.99
971,1999.99
972,1999.99
973,1999.99
974,1999.99
975,1999.99
976,1999.99
977,1999.99
978,1999.99
979,1999.99
980,1999.99
981,1999.99
982,1999.99
983,1999.99
984,1999.99
985,1999.99
986,1999.99
987,1999.99
988,1999.99
989,1999.99
990,1999.99
991,1999.99
992,1999.99
993,1999.99
994,1999.99
995,1999.99
996,1999.99
997,1999.99
998,1999.99
999,1999.99
1000,1999.99
1001,1999.99
1002,1999.99
1003,1999.99
1004,1999.99
1005,1999.99
1006,1999.99
1007,1999.99
1008,1999.99
1009,1999.99
1010,1999.99
1011,1999.99
1012,1999.99
1013,1999.99
1014,1999.99
1015,1999.99
1016,1999.99
1017,1999.99
1018,1999.99
1019,1999.99
1020,1999.99
1021,1999.99
1022,1999.99
1023,1999.99
1024,1999.99
1025,1999.99
1026,1999.99
1027,1999.99
1028,1999.99
1029,1999.99
1030,1999.99
1031,1999.99
1032,1999.99
1033,1999.99
1034,1999.99
1035,1999.99
1036,1999.99
1037,1999.99
1038,1999.99
1039,1999.99
1040,1999.99
1041,1999.99
1042,1999.99
1043,1999.99
1044,1999.99
1045,1999.99
1046,1999.99
1047,1999.99
1048,1999.99
1049,1999.99
1050,1999.99
1051,1999.99
1052,1999.99
1053,1999.99
1054,1999.99
1055,1999.99
1056,1999.99
1057,1999.99
1058,1999.99
1059,1999.99
1060,1999.99
1061,1999.99
1062,1999.99
1063,1999.99
1064,1999.99
1065,1999.99
1066,1999.99
1067,1999.99
1068,1999.99
1069,1999.99
1070,1999.99
1071,1999.99
1072,1999.99
1073,1999.99
1074,1999.99
1075,1999.99
1076,1999.99
1077,1999.99
1078,1999.99
1079,1999.99
1080,1999.99
1081,1999.99
1082,1999.99
1083,1999.99
1084,1999.99
1085,1999.99
1086,1999.99
1087,1999.99
1088,1999.99
1089,1999.99
1090,1999.99
1091,1999.99
1092,1999.99
1093,1999.99
1094,1999.99
1095,1999.99
1096,1999.99
1097,1999.99
1098,1999.99
1099,1999.99
1100,1999.99
1101,1999.99
1102,1999.99
1103,1999.99
1104,1999.99
1105,1999.99
1106,1999.99
1107,1999.99
1108,1999.99
1109,1999.99
1110,1999.99
1111,1999.99
1112,1999.99
1113,1999.99
1114,1999.99
1115,1999.99
1116,1999.99
1117,1999.99
1118,1999.99
1119,1999.99
1120,1999.99
1121,1999.99
1122,1999.99
1123,1999.99
1124,1999.99
1125,1999.99
1126,1999.99
1127,1999.99
1128,1999.99
1129,1999.99
1130,1999.99
1131,1999.99
1132,1999.99
1133,1999.99
1134,1999.99
1135,1999.99
1136,1999.99
1137,1999.99
1138,1999.99
1139,1999.99
1140,1999.99
1141,1999.99
1142,1999.99
1143,1999.99
1144,1999.99
1145,1999.99
1146,1999.99
1147,1999.99
1148,1999.99
1149,1999.99
1150,1999.99
1151,1999.99
1152,1999.99
1153,1999.99
1154,1999.99
1155,1999.99
1156,1999.99
1157,1999.99
1158,1999.99
1159,1999.99
1160,1999.99
1161,1999.99
1162,1999.99
1163,1999.99
1164,1999.99
1165,1999.99
1166,1999.99
1167,1999.99
1168,1999.99
1169,1999.99
1170,1999.99
1171,1999.99
1172,1999.99
1173,1999.99
1174,1999.99
1175,1999.99
1176,1999.99
1177,1999.99
1178,1999.99
1179,1999.99
1180,1999.99
1181,1999.99
1182,1999.99
1183,1999.99
1184,1999.99
1185,1999.99
1186,1999.99
1187,1999.99
1188,1999.99
1189,1999.99
1190,1999.99
1191,1999.99
1192,1999.99
1193,1999.99
1194,1999.99
1195,1999.99
1196,1999.99
1197,1999.99
1198,1999.99
1199,1999.99
1200,1999.99
1201,1999.99
1202,1999.99
1203,1999.99
1204,1999.99
1205,1999.99
1206,1999.99
1207,1999.99
1208,1999.99
1209,1999.99
1210,1999.99
1211,1999.99
1212,1999.99
1213,1999.99
1214,1999.99
1215,1999.99
1216,1999.99
1217,1999.99
1218,1999.99
1219,1999.99
1220,1999.99
1221,1999.99
1222,1999.99
1223,1999.99
1224,1999.99
1225,1999.99
1226,1999.99
1227,1999.99
1228,1999.99
1229,1999.99
1230,1999.99
1231,1999.99
1232,1999.99
1233,1999.99
1234,1999.99
1235,1999.99
1236,1999.99
1237,1999.99
1238,1999.99
1239,1999.99
1240,1999.99
1241,1999.99
1242,1999.99
1243,1999.99
1244,1999.99
1245,1999.99
1246,1999.99
1247,1999.99
1248,1999.99
1249,1999.99
1250,1999.99
1251,1999.99
1252,1999.99
1253,1999.99
1254,1999.99
1255,1999.99
1256,1999.99
1257,1999.99
1258,1999.99
1259,1999.99
1260,1999.99
1261,1999.99
1262,1999.99
1263,1999.99
1264,1999.99
1265,1999.99
1266,1999.99
1267,1999.99
1268,1999.99
1269,1999.99
1270,1999.99
1271,1999.99
1272,1999.99
1273,1999.99
1274,1999.99
1275,1999.99
1276,1999.99
1277,1999.99
1278,1999.99
1279,1999.99
1280,1999.99
1281,1999.99
1282,1999.99
1283,1999.99
1284,1999.99
1285,1999.99
1286,1999.99
1287,1999.99
1288,1999.99
1289,1999.99
1290,1999.99
1291,1999.99
1292,1999.99
1293,1999.99
1294,1999.99
1295,1999.99
1296,1999.99
1297,1999.99
1298,1999.99
1299,1999.99
1300,1999.99
1301,1999.99
1302,1999.99
1303,1999.99
1304,1999.99
1305,1999.99
1306,1999.99
1307,1999.99
1308,1999.99
1309,1999.99
1310,1999.99
1311,1999.99
1312,1999.99
1313,1999.99
1314,1999.99
1315,1999.99
1316,1999.99
1317,1999.99
1318,1999.99
1319,1999.99
1320,1999.99
1321,1999.99
1322,1999.99
1323,1999.99
1324,1999.99
1325,1999.99
1326,1999.99
1327,1999.99
1328,1999.99
1329,1999.99
1330,1999.99
1331,1999.99
1332,1999.99
1333,1999.99
1334,1999.99
1335,1999.99
1336,1999.99
1337,1999.99
1338,1999.99
1339,1999.99
1340,1999.99
1341,1999.99
1342,1999.99
1343,1999.99
1344,1999.99
1345,1999.99
1346,1999.99
1347,1999.99
1348,1999.99
1349,1999.99
1350,1999.99
1351,1999.99
1352,1999.99
1353,1999.99
1354,1999.99
1355,1999.99
1356,1999.99
1357,1999.99
1358,1999.99
1359,1999.99
1360,1999.99
1361,1999.99
1362,1999.99
1363,1999.99
1364,1999.99
1365,1999.99
1366,1999.99
1367,1999.99
1368,1999.99
1369,1999.99
1370,1999.99
1371,1999.99
1372,1999.99
1373,1999.99
1374,1999.99
1375,1999.99
1376,1999.99
1377,1999.99
1378,1999.99
1379,1999.99
1380,1999.99
1381,1999.99
1382,1999.99
1383,1999.99
1384,1999.99
1385,1999.99
1386,1999.99
1387,1999.99
1388,1999.99
1389,1999.99
1390,1999.99
1391,1999.99
1392,1999.99
1393,1999.99
1394,1999.99
1395,1999.99
1396,1999.99
1397,1999.99
1398,1999.99
1399,1999.99
1400,1999.99
1401,1999.99
1402,1999.99
1403,1999.99
1404,1999.99
1405,1999.99
1406,1999.99
1407,1999.99
1408,1999.99
1409,1999.99
1410,1999.99
1411,1999.99
1412,1999.99
1413,1999.99
1414,1999.99
1415,1999.99
1416,1999.99
1417,1999.99
1418,1999.99
1419,1999.99
1420,1999.99
1421,1999.99
1422,1999.99
1423,1999.99
1424,1999.99
1425,1999.99
1426,1999.99
1427,1999.99
1428,1999.99
1429,1999.99
1430,1999.99
1431,1999.99
1432,1999.99
1433,1999.99
1434,1999.99
1435,1999.99
1436,1999.99
1437,1999.99
1438,1999.99
1439,1999.99
1440,1999.99
1441,1999.99
1442,1999.99
1443,1999.99
1444,1999.99
1445,1999.99
1446,1999.99
1447,1999.99
1448,1999.99
1449,1999.99
1450,1999.99
1451,1999.99
1452,1999.99
1453,1999.99
1454,1999.99
1455,1999.99
1456,1999.99
1457,1999.99
1458,1999.99
1459,1999.99
1460,1999.99
1461,1999.99
1462,1999.99
1463,1999.99
1464,1999.99
1465,1999.99
1466,1999.99
1467,1999.99
1468,1999.99
1469,1999.99
1470,1999.99
1471,1999.99
1472,1999.99
1473,1999.99
1474,1999.99
1475,1999.99
1476,1999.99
1477,1999.99
1478,1999.99
1479,1999.99
1480,1999.99
1481,1999.99
1482,1999.99
1483,1999.99
1484,1999.99
1485,1999.99
1486,1999.99
1487,1999.99
1488,1999.99
1489,1999.99
1490,1999.99
1491,1999.99
1492,1999.99
1493,1999.99
1494,1999.99
1495,1999.99
1496,1999.99
1497,1999.99
1498,1999.99
1499,1999.99
1500,1999.99
1501,1999.99
1502,1999.99
1503,1999.99
1504,1999.99
1505,1999.99
1506,1999.99
1507,1999.99
1508,1999.99
1509,1999.99
1510,1999.99
1511,1999.99
1512,1999.99
1513,1999.99
1514,1999.99
1515,1999.99
1516,1999.99
1517,1999.99
1518,1999.99
1519,1999.99
1520,1999.99
1521,1999.99
1522,1999.99
1523,1999.99
1524,1999.99
1525,1999.99
1526,1999.99
1527,1999.99
1528,1999.99
1529,1999.99
1530,1999.99
1531,1999.99
1532,1999.99
1533,1999.99
1534,1999.99
1535,1999.99
1536,1999.99
1537,1999.99
1538,1999.99
1539,1999.99
1540,1999.99
1541,1999.99
1542,1999.99
1543,1999.99
1544,1999.99
1545,1999.99
1546,1999.99
1547,1999.99
1548,1999.99
1549,1999.99
1550,1999.99
1551,1999.99
1552,1999.99
1553,1999.99
1554,1999.99
1555,1999.99
1556,1999.99
1557,1999.99
1558,1999.99
1559,1999.99
1560,1999.99
1561,1999.99
1562,1999.99
1563,1999.99
1564,1999.99
1565,1999.99
1566,1999.99
1567,1999.99
1568,1999.99
1569,1999.99
1570,1999.99
1571,1999.99
1572,1999.99
1573,1999.99
1574,1999.99
1575,1999.99
1576,1999.99
1577,1999.99
1578,1999.99
1579,1999.99
1580,1999.99
1581,1999.99
1582,1999.99
1583,1999.99
1584,1999.99
1585,1999.99
1586,1999.99
1587,1999.99
1588,1999.99
1589,1999.99
1590,1999.99
1591,1999.99
1592,1999.99
1593,1999.99
1594,1999.99
1595,1999.99
1596,1999.99
1597,1999.99
1598,1999.99
1599,1999.99
1600,1999.99
1601,1999.99
1602,1999.99
1603,1999.99
1604,1999.99
1605,1999.99
1606,1999.99
1607,1999.99
1608,1999.99
1609,1999.99
1610,1999.99
1611,1999.99
1612,1999.99
1613,1999.99
1614,1999.99
1615,1999.99
1616,1999.99
1617,1999.99
1618,1999.99
1619,1999.99
1620,1999.99
1621,1999.99
1622,1999.99
1623,1999.99
1624,1999.99
1625,1999.99
1626,1999.99
1627,1999.99
1628,1999.99
1629,1999.99
1630,1999.99
1631,1999.99
1632,1999.99
1633,1999.99
1634,1999.99
1635,1999.99
1636,1999.99
1637,1999.99
1638,1999.99
1639,1999.99
1640,1999.99
1641,1999.99
1642,1999.99
1643,1999.99
1644,1999.99
1645,1999.99
1646,1999.99
1647,1999.99
1648,1999.99
1649,1999.99
1650,1999.99
1651,1999.99
1652,1999.99
1653,1999.99
1654,1999.99
1655,1999.99
1656,1999.99
1657,1999.99
1658,1999.99
1659,1999.99
1660,1999.99
1661,1999.99
1662,1999.99
1663,1999.99
1664,1999.99
1665,1999.99
1666,1999.99
1667,1999.99
1668,1999.99
1669,1999.99
1670,1999.99
1671,1999.99
1672,1999.99
1673,1999.99
1674,1999.99
1675,1999.99
1676,1999.99
1677,1999.99
1678,1999.99
1679,1999.99
1680,1999.99
1681,1999.99
1682,1999.99
1683,1999.99
1684,1999.99
1685,1999.99
1686,1999.99
1687,1999.99
1688,1999.99
1689,1999.99
1690,1999.99
1691,1999.99
1692,1999.99
1693,1999.99
1694,1999.99
1695,1999.99
1696,1999.99
1697,1999.99
1698,1999.99
1699,1999.99
1700,1999.99
1701,1999.99
1702,1999.99
1703,1999.99
1704,1999.99
1705,1999.99
1706,1999.99
1707,1999.99
1708,1999.99
1709,1999.99
1710,1999.99
1711,1999.99
1712,1999.99
1713,1999.99
1714,1999.99
1715,1999.99
1716,1999.99
1717,1999.99
1718,1999.99
1719,1999.99
1720,1999.99
1721,1999.99
1722,1999.99
1723,1999.99
1724,1999.99
1725,1999.99
1726,1999.99
1727,1999.99
1728,1999.99
1729,1999.99
1730,1999.99
1731,1999.99
1732,1999.99
1733,1999.99
1734,1999.99
1735,1999.99
1736,1999.99
1737,1999.99
1738,1999.99
1739,1999.99
1740,1999.99
1741,1999.99
1742,1999.99
1743,1999.99
1744,1999.99
1745,1999.99
1746,1999.99
1747,1999.99
1748,1999.99
1749,1999.99
1750,1999.99
1751,1999.99
1752,1999.99
1753,1999.99
1754,1999.99
1755,1999.99
1756,1999.99
1757,1999.99
1758,1999.99
1759,1999.99
1760,1999.99
1761,1999.99
1762,1999.99
1763,1999.99
1764,1999.99
1765,1999.99
1766,1999.99
1767,1999.99
1768,1999.99
1769,1999.99
1770,1999.99
1771,1999.99
1772,1999.99
1773,1999.99
1774,1999.99
1775,1999.99
1776,1999.99
1777,1999.99
1778,1999.99
1779,1999.99
1780,1999.99
1781,1999.99
1782,1999.99
1783,1999.99
1784,1999.99
1785,1999.99
1786,1999.99
1787,1999.99
1788,1999.99
1789,1999.99
1790,1999.99
1791,1999.99
1792,1999.99
1793,1999.99
1794,1999.99
1795,1999.99
1796,1999.99
1797,1999.99
1798,1999.99
1799,1999.99
1800,1999.99
1801,1999.99
1802,1999.99
1803,1999.99
1804,1999.99
1805,1999.99
1806,1999.99
1807,1999.99
1808,1999.99
1809,1999.99
1810,1999.99
1811,1999.99
1812,1999.99
1813,1999.99
1814,1999.99
1815,1999.99
1816,1999.99
1817,1999.99
1818,1999.99
1819,1999.99
1820,1999.99
1821,1999.99
1822,1999.99
1823,1999.99
1824,1999.99
1825,1999.99
1826,1999.99
1827,1999.99
1828,1999.99
1829,1999.99
1830,1999.99
1831,1999.99
1832,1999.99
1833,1999.99
1834,1999.99
1835,1999.99
1836,1999.99
1837,1999.99
1838,1999.99
1839,1999.99
1840,1999.99
1841,1999.99
1842,1999.99
1843,1999.99
1844,1999.99
1845,1999.99
1846,1999.99
1847,1999.99
1848,1999.99
1849,1999.99
1850,1999.99
1851,1999.99
1852,1999.99
1853,1999.99
1854,1999.99
1855,1999.99
1856,1999.99
1857,1999.99
1858,1999.99
1859,1999.99
1860,1999.99
1861,1999.99
1862,1999.99
1863,1999.99
1864,1999.99
1865,1999.99
1866,1999.99
1867,1999.99
1868,1999.99
1869,1999.99
1870,1999.99
1871,1999.99
1872,1999.99
1873,1999.99
1874,1999.99
1875,1999.99
1876,1999.99
1877,1999.99
1878,1999.99
1879,1999.99
1880,1999.99
1881,1999.99
1882,1999.99
1883,1999.99
1884,1999.99
1885,1999.99
1886,1999.99
1887,1999.99
1888,1999.99
1889,1999.99
1890,1999.99
1891,1999.99
1892,1999.99
1893,1999.99
1894,1999.99
1895,1999.99
1896,1999.99
1897,1999.99
1898,1999.99
1899,1999.99
1900,1999.99
1901,1999.99
1902,1999.99
1903,1999.99
1904,1999.99
1905,1999.99
1906,1999.99
1907,1999.99
1908,1999.99
1909,1999.99
1910,1999.99
1911,1999.99
1912,1999.99
1913,1999.99
1914,1999.99
1915,1999.99
1916,1999.99
1917,1999.99
1918,1999.99
1919,1999.99
1920,1999.99
1921,1999.99
1922,1999.99
1923,1999.99
1924,1999.99
1925,1999.99
1926,1999.99
1927,1999.99
1928,1999.99
1929,1999.99
1930,1999.99
1931,1999.99
1932,1999.99
1933,1999.99
1934,1999.99
1935,1999.99
1936,1999.99
1937,1999.99
1938,1999.99
1939,1999.99
1940,1999.99
1941,1999.99
1942,1999.99
1943,1999.99
1944,1999.99
1945,1999.99
1946,1999.99
1947,1999.99
1948,1999.99
1949,1999.99
1950,1999.99
1951,1999.99
1952,1999.99
1953,1999.99
1954,1999.99
1955,1999.99
1956,1999.99
1957,1999.99
1958,1999.99
1959,1999.99
1960,1999.99
1961,1999.99
1962,1999.99
1963,1999.99
1964,1999.99
1965,1999.99
1966,1999.99
1967,1999.99
1968,1999.99
1969,1999.99
1970,1999.99
1971,1999.99
1972,1999.99
1973,1999.99
1974,1999.99
1975,1999.99
1976,1999.99
1977,1999.99
1978,1999.99
1979,1999.99
1980,1999.99
1981,1999.99
1982,1999.99
1983,1999.99
1984,1999.99
1985,1999.99
1986,1999.99
1987,1999.99
1988,1999.99
1989,1999.99
1990,1999.99
1991,1999.99
1992,1999.99
1993,1999.99
1994,1999.99
1995,1999.99
1996,1999.99
1997,1999.99
1998,1999.99
1999,1999.99
2000,1999.99
2001,1999.99
2002,1999.99
2003,1999.99
2004,1999.99
2005,1999.99
2006,1999.99
2007,1999.99
2008,1999.99
2009,1999.99
2010,1999.99
2011,1999.99
2012,1999.99
2013,1999.99
2014,1999.99
2015,1999.99
2016,1999.99
2017,1999.99
2018,1999.99
2019,1999.99
2020,1999.99
2021,1999.99
2022,1999.99
2023,1999.99
2024,1999.99
2025,1999.99
2026,1999.99
2027,1999.99
2028,1999.99
2029,1999.99
2030,1999.99
2031,1999.99
2032,1999.99
2033,1999.99
2034,1999.99
2035,1999.99
2036,1999.99
2037,1999.99
2038,1999.99
2039,1999.99
2040,1999.99
2041,1999.99
2042,1999.99
2043,1999.99
2044,1999.99
2045,1999.99
2046,1999.99
2047,1999.99
2048,1999.99
2049,1999.99
2050,1999.99
2051,1999.99
2052,1999.99
2053,1999.99
2054,1999.99
2055,1999.99
2056,1999.99
2057,1999.99
2058,1999.99
2059,1999.99
2060,1999.99
2061,1999.99
2062,1999.99
2063,1999.99
2064,1999.99
2065,1999.99
2066,1999.99
2067,1999.99
2068,1999.99
2069,1999.99
2070,1999.99
2071,1999.99
2072,1999.99
2073,1999.99
2074,1999.99
2075,1999.99
2076,1999.99
2077,1999.99
2078,1999.99
2079,1999.99
2080,1999.99
2081,1999.99
2082,1999.99
2083,1999.99
2084,1999.99
2085,1999.99
2086,1999.99
2087,1999.99
2088,1999.99
2089,1999.99
2090,1999.99
2091,1999.99
2092,1999.99
2093,1999.99
2094,1999.99
2095,1999.99
2096,1999.99
2097,1999.99
2098,1999.99
2099,1999.99
2100,1999.99
2101,1999.99
2102,1999.99
2103,1999.99
2104,1999.99
2105,1999.99
2106,1999.99
2107,1999.99
2108,1999.99
2109,1999.99
2110,1999.99
2111,1999.99
2112,1999.99
2113,1999.99
2114,1999.99
2115,1999.99
2116,1999.99
2117,1999.99
2118,1999.99
2119,1999.99
2120,1999.99
2121,1999.99
2122,1999.99
2123,1999.99
2124,1999.99
2125,1999.99
2126,1999.99
2127,1999.99
2128,1999.99
2129,1999.99
2130,1999.99
2131,1999.99
2132,1999.99
2133,1999.99
2134,1999.99
2135,1999.99
2136,1999.99
2137,1999.99
2138,1999.99
2139,1999.99
2140,1999.99
2141,1999.99
2142,1999.99
2143,1999.99
2144,1999.99
2145,1999.99
2146,1999.99
2147,1999.99
2148,1999.99
2149,1999.99
2150,1999.99
2151,1999.99
2152,1999.99
2153,1999.99
2154,1999.99
2155,1999.99
2156,1999.99
2157,1999.99
2158,1999.99
2159,1999.99
2160,1999.99
2161,1999.99
2162,1999.99
2163,1999.99
2164,1999.99
2165,1999.99
2166,1999.99
2167,1999.99
2168,1999.99
2169,1999.99
2170,1999.99
2171,1999.99
2172,1999.99
2173,1999.99
2174,1999.99
2175,1999.99
2176,1999.99
2177,1999.99
2178,1999.99
2179,1999.99
2180,1999.99
2181,1999.99
2182,1999.99
2183,1999.99
2184,1999.99
2185,1999.99
2186,1999.99
2187,1999.99
2188,1999.99
2189,1999.99
2190,1999.99
2191,1999.99
2192,1999.99
2193,1999.99
2194,1999.99
2195,1999.99
2196,1999.99
2197,1999.99
2198,1999.99
2199,1999.99
2200,1999.99
2201,1999.99
2202,1999.99
2203,1999.99
2204,1999.99
2205,1999.99
2206,1999.99
2207,1999.99
2208,1999.99
2209,1999.99
2210,1999.99
2211,1999.99
2212,1999.99
2213,1999.99
2214,1999.99
2215,1999.99
2216,1999.99
2217,1999.99
2218,1999.99
2219,1999.99
2220,1999.99
2221,1999.99
2222,1999.99
2223,1999.99
2224,1999.99
2225,1999.99
2226,1999.99
2227,1999.99
2228,1999.99
2229,1999.99
2230,1999.99
2231,1999.99
2232,1999.99
2233,1999.99
2234,1999.99
2235,1999.99
2236,1999.99
2237,1999.99
2238,1999.99
2239,1999.99
2240,1999.99
2241,1999.99
2242,1999.99
2243,1999.99
2244,1999.99
2245,1999.99
2246,1999.99
2247,1999.99
2248,1999.99
2249,1999.99
2250,1999.99
2251,1999.99
2252,1999.99
2253,1999.99
2254,1999.99
2255,1999.99
2256,1999.99
2257,1999.99
2258,1999.99
2259,1999.99
2260,1999.99
2261,1999.99
2262,1999.99
2263,1999.99
2264,1999.99
2265,1999.99
2266,1999.99
2267,1999.99
2268,1999.99
2269,1999.99
2270,1999.99
2271,1999.99
2272,1999.99
2273,1999.99
2274,1999.99
2275,1999.99
2276,1999.99
2277,1999.99
2278,1999.99
2279,1999.99
2280,1999.99
2281,1999.99
2282,1999.99
2283,1999.99
2284,1999.99
2285,1999.99
2286,1999.99
2287,1999.99
2288,1999.99
2289,1999.99
2290,1999.99
2291,1999.99
2292,1999.99
2293,1999.99
2294,1999.99
2295,1999.99
2296,1999.99
2297,1999.99
2298,1999.99
2299,1999.99
2300,1999.99
2301,1999.99
2302,1999.99
2303,1999.99
2304,1999.99
2305,1999.99
2306,1999.99
2307,1999.99
2308,1999.99
2309,1999.99
2310,1999.99
2311,1999.99
2312,1999.99
2313,1999.99
2314,1999.99
2315,1999.99
2316,1999.99
2317,1999.99
2318,1999.99
2319,1999.99
2320,1999.99
2321,1999.99
2322,1999.99
2323,1999.99
2324,1999.99
2325,1999.99
2326,1999.99
2327,1999.99
2328,1999.99
2329,1999.99
2330,1999.99
2331,1999.99
2332,1999.99
2333,1999.99
2334,1999.99
2335,1999.99
2336,1999.99
2337,1999.99
2338,1999.99
2339,1999.99
2340,1999.99
2341,1999.99
2342,1999.99
2343,1999.99
2344,1999.99
2345,1999.99
2346,1999.99
2347,1999.99
2348,1999.99
2349,1999.99
2350,1999.99
2351,1999.99
2352,1999.99
2353,1999.99
2354,1999.99
2355,1999.99
2356,1999.99
2357,1999.99
2358,1999.99
2359,1999.99
2360,1999.99
2361,1999.99
2362,1999.99
2363,1999.99
2364,1999.99
2365,1999.99
2366,1999.99
2367,1999.99
2368,1999.99
2369,1999.99
2370,1999.99
2371,1999.99
2372,1999.99
2373,1999.99
2374,1999.99
2375,1999.99
2376,1999.99
2377,1999.99
2378,1999.99
2379,1999.99
2380,1999.99
2381,1999.99
2382,1999.99
2383,1999.99
2384,1999.99
2385,1999.99
2386,1999.99
2387,1999.99
2388,1999.99
2389,1999.99
2390,1999.99
2391,1999.99
2392,1999.99
2393,1999.99
2394,1999.99
2395,1999.99
2396,1999.99
2397,1999.99
2398,1999.99
2399,1999.99
2400,1999.99
2401,1999.99
2402,1999.99
2403,1999.99
2404,1999.99
2405,1999.99
2406,1999.99
2407,1999.99
2408,1999.99
2409,1999.99
2410,1999.99
2411,1999.99
2412,1999.99
2413,1999.99
2414,1999.99
2415,1999.99
2416,1999.99
2417,1999.99
2418,1999.99
2419,1999.99
2420,1999.99
2421,1999.99
2422,1999.99
2423,1999.99
2424,1999.99
2425,1999.99
2426,1999.99
2427,1999.99
2428,1999.99
2429,1999.99
2430,1999.99
2431,1999.99
2432,1999.99
2433,1999.99
2434,1999.99
2435,1999.99
2436,1999.99
2437,1999.99
2438,1999.99
2439,1999.99
2440,1999.99
2441,1999.99
2442,1999.99
2443,1999.99
2444,1999.99
2445,1999.99
2446,1999.99
2447,1999.99
2448,1999.99
2449,1999.99
2450,1999.99
2451,1999.99
2452,1999.99
2453,1999.99
2454,1999.99
2455,1999.99
2456,1999.99
2457,1999.99
2458,1999.99
2459,1999.99
2460,1999.99
2461,1999.99
2462,1999.99
2463,1999.99
2464,1999.99
2465,1999.99
2466,1999.99
2467,1999.99
2468,1999.99
2469,1999.99
2470,1999.99
2471,1999.99
2472,1999.99
2473,1999.99
2474,1999.99
2475,1999.99
2476,1999.99
2477,1999.99
2478,1999.99
2479,1999.99
2480,1999.99
2481,1999.99
2482,1999.99
2483,1999.99
2484,1999.99
2485,1999.99
2486,1999.99
2487,1999.99
2488,1999.99
2489,1999.99
2490,1999.99
2491,1999.99
2492,1999.99
2493,1999.99
2494,1999.99
2495,1999.99
2496,1999.99
2497,1999.99
2498,1999.99
2499,1999.99
2500,1999.99
2501,1999.99
2502,1999.99
2503,1999.99
2504,1999.99
2505,1999.99
2506,1999.99
2507,1999.99
2508,1999.99
2509,1999.99
2510,1999.99
2511,1999.99
2512,1999.99
2513,1999.99
2514,1999.99
2515,1999.99
2516,1999.99
2517,1999.99
2518,1999.99
2519,1999.99
2520,1999.99
2521,1999.99
2522,1999.99
2523,1999.99
2524,1999.99
2525,1999.99
2526,1999.99
2527,1999.99
2528,1999.99
2529,1999.99
2530,1999.99
2531,1999.99
2532,1999.99
2533,1999.99
2534,1999.99
2535,1999.99
2536,1999.99
2537,1999.99
2538,1999.99
2539,1999.99
2540,1999.99
2541,1999.99
2542,1999.99
2543,1999.99
2544,1999.99
2545,1999.99
2546,1999.99
2547,1999.99
2548,1999.99
2549,1999.99
2550,1999.99
2551,1999.99
2552,1999.99
2553,1999.99
2554,1999.99
2555,1999.99
2556,1999.99
2557,1999.99
2558,1999.99
2559,1999.99
2560,1999.99
2561,1999.99
2562,1999.99
2563,1999.99
2564,1999.99
2565,1999.99
2566,1999.99
2567,1999.99
2568,1999.99
2569,1999.99
2570,1999.99
2571,1999.99
2572,1999.99
2573,1999.99
2574,1999.99
2575,1999.99
2576,1999.99
2577,1999.99
2578,1999.99
2579,1999.99
2580,1999.99
2581,1999.99
2582,1999.99
2583,1999.99
2584,1999.99
2585,1999.99
2586,1999.99
2587,1999.99
2588,1999.99
2589,1999.99
2590,1999.99
2591,1999.99
2592,1999.99
2593,1999.99
2594,1999.99
2595,1999.99
2596,1999.99
2597,1999.99
2598,1999.99
2599,1999.99
2600,1999.99
2601,1999.99
2602,1999.99
2603,1999.99
2604,1999.99
2605,1999.99
2606,1999.99
2607,1999.99
2608,1999.99
2609,1999.99
2610,1999.99
2611,1999.99
2612,1999.99
2613,1999.99
2614,1999.99
2615,1999.99
2616,1999.99
2617,1999.99
2618,1999.99
2619,1999.99
2620,1999.99
2621,1999.99
2622,1999.99
2623,1999.99
2624,1999.99
2625,1999.99
2626,1999.99
2627,1999.99
2628,1999.99
2629,1999.99
2630,1999.99
2631,1999.99
2632,1999.99
2633,1999.99
2634,1999.99
2635,1999.99
2636,1999.99
2637,1999.99
2638,1999.99
2639,1999.99
2640,1999.99
2641,1999.99
2642,1999.99
2643,1999.99
2644,1999.99
2645,1999.99
2646,1999.99
2647,1999.99
2648,1999.99
2649,1999.99
2650,1999.99
2651,1999.99
2652,1999.99
2653,1999.99
2654,1999.99
2655,1999.99
2656,1999.99
2657,1999.99
2658,1999.99
2659,1999.99
2660,1999.99
2661,1999.99
2662,1999.99
2663,1999.99
2664,1999.99
2665,1999.99
2666,1999.99
2667,1999.99
2668,1999.99
2669,1999.99
2670,1999.99
2671,1999.99
2672,1999.99
2673,1999.99
2674,1999.99
2675,1999.99
2676,1999.99
2677,1999.99
2678,1999.99
2679,1999.99
2680,1999.99
2681,1999.99
2682,1999.99
2683,1999.99
2684,1999.99
2685,1999.99
2686,1999.99
2687,1999.99
2688,1999.99
2689,1999.99
2690,1999.99
2691,1999.99
2692,1999.99
2693,1999.99
2694,1999.99
2695,1999.99
2696,1999.99
2697,1999.99
2698,1999.99
2699,1999.99
2700,1999.99
2701,1999.99
2702,1999.99
2703,1999.99
2704,1999.99
2705,1999.99
2706,1999.99
2707,1999.99
2708,1999.99
2709,1999.99
2710,1999.99
2711,1999.99
2712,1999.99
2713,1999.99
2714,1999.99
2715,1999.99
2716,1999.99
2717,1999.99
2718,1999.99
2719,1999.99
2720,1999.99
2721,1999.99
2722,1999.99
2723,1999.99
2724,1999.99
2725,1999.99
2726,1999.99
2727,1999.99
2728,1999.99
2729,1999.99
2730,1999.99
2731,1999.99
2732,1999.99
2733,1999.99
2734,1999.99
2735,1999.99
2736,1999.99
2737,1999.99
2738,1999.99
2739,1999.99
2740,1999.99
2741,1999.99
2742,1999.99
2743,1999.99
2744,1999.99
2745,1999.99
2746,1999.99
2747,1999.99
2748,1999.99
2749,1999.99
2750,1999.99
2751,1999.99
2752,1999.99
2753,1999.99
2754,1999.99
2755,1999.99
2756,1999.99
2757,1999.99
2758,1999.99
2759,1999.99
2760,1999.99
2761,1999.99
2762,1999.99
2763,1999.99
2764,1999.99
2765,1999.99
2766,1999.99
2767,1999.99
2768,1999.99
2769,1999.99
2770,1999.99
2771,1999.99
2772,1999.99
2773,1999.99
2774,1999.99
2775,1999.99
2776,1999.99
2777,1999.99
2778,1999.99
2779,1999.99
2780,1999.99
2781,1999.99
2782,1999.99
2783,1999.99
2784,1999.99
2785,1999.99
2786,1999.99
2787,1999.99
2788,1999.99
2789,1999.99
2790,1999.99
2791,1999.99
2792,1999.99
2793,1999.99
2794,1999.99
2795,1999.99
2796,1999.99
2797,1999.99
2798,1999.99
2799,1999.99
2800,1999.99
2801,1999.99
2802,1999.99
2803,1999.99
2804,1999.99
2805,1999.99
2806,1999.99
2807,1999.99
2808,1999.99
2809,1999.99
2810,1999.99
2811,1999.99
2812,1999.99
2813,1999.99
2814,1999.99
2815,1999.99
2816,1999.99
2817,1999.99
2818,1999.99
2819,1999.99
2820,1999.99
2821,1999.99
2822,1999.99
2823,1999.99
2824,1999.99
2825,1999.99
2826,1999.99
2827,1999.99
2828,1999.99
2829,1999.99
2830,1999.99
2831,1999.99
2832,1999.99
2833,1999.99
2834,1999.99
2835,1999.99
2836,1999.99
2837,1999.99
2838,1999.99
2839,1999.99
2840,1999.99
2841,1999.99
2842,1999.99
2843,1999.99
2844,1999.99
2845,1999.99
2846,1999.99
2847,1999.99
2848,1999.99
2849,1999.99
2850,1999.99
2851,1999.99
2852,1999.99
2853,1999.99
2854,1999.99
2855,1999.99
2856,1999.99
2857,1999.99
2858,1999.99
2859,1999.99
2860,1999.99
2861,1999.99
2862,1999.99
2863,1999.99
2864,1999.99
2865,1999.99
2866,1999.99
2867,1999.99
2868,1999.99
2869,1999.99
2870,1999.99
2871,1999.99
2872,1999.99
2873,1999.99
2874,1999.99
2875,1999.99
2876,1999.99
2877,1999.99
2878,1999.99
2879,1999.99
2880,1999.99
2881,1999.99
2882,1999.99
2883,1999.99
2884,1999.99
2885,1999.99
2886,1999.99
2887,1999.99
2888,1999.99
2889,1999.99
2890,1999.99
2891,1999.99
2892,1999.99
2893,1999.99
2894,1999.99
2895,1999.99
2896,1999.99
2897,1999.99
2898,1999.99
2899,1999.99
2900,1999.99
2901,1999.99
2902,1999.99
2903,1999.99
2904,1999.99
2905,1999.99
2906,1999.99
2907,1999.99
2908,1999.99
2909,1999.99
2910,1999.99
2911,1999.99
2912,1999.99
2913,1999.99
2914,1999.99
2915,1999.99
2916,1999.99
2917,1999.99
2918,1999.99
2919,1999.99
2920,1999.99
2921,1999.99
2922,1999.99
2923,1999.99
2924,1999.99
2925,1999.99
2926,1999.99
2927,1999.99
2928,1999.99
2929,1999.99
2930,1999.99
2931,1999.99
2932,1999.99
2933,1999.99
2934,1999.99
2935,1999.99
2936,1999.99
2937,1999.99
2938,1999.99
2939,1999.99
2940,1999.99
2941,1999.99
2942,1999.99
2943,1999.99
2944,1999.99
2945,1999.99
2946,1999.99
2947,1999.99
2948,1999.99
2949,1999.99
2950,1999.99
2951,1999.99
2952,1999.99
2953,1999.99
2954,1999.99
2955,1999.99
2956,1999.99
2957,1999.99
2958,1999.99
2959,1999.99
2960,1999.99
2961,1999.99
2962,1999.99
2963,1999.99
2964,1999.99
2965,1999.99
2966,1999.99
2967,1999.99
2968,1999.99
2969,1999.99
2970,1999.99
2971,1999.99
2972,1999.99
2973,1999.99
2974,1999.99
2975,1999.99
2976,1999.99
2977,1999.99
2978,1999.99
2979,1999.99
2980,1999.99
2981,1999.99
2982,1999.99
2983,1999.99
2984,1999.99
2985,1999.99
2986,1999.99
2987,1999.99
2988,1999.99
2989,1999.99
2990,1999.99
2991,1999.99
2992,1999.99
2993,1999.99
2994,1999.99
2995,1999.99
2996,1999.99
2997,1999.99
2998,1999.99
2999,1999.99
3000,1999.99
3001,1999.99
3002,1999.99
3003,1999.99
3004,1999.99
3005,1999.99
3006,1999.99
3007,1999.99
3008,1999.99
3009,1999.99
3010,1999.99
3011,1999.99
3012,1999.99
3013,1999.99
3014,1999.99
3015,1999.99
3016,1999.99
3017,1999.99
3018,1999.99
3019,1999.99
3020,1999.99
3021,1999.99
3022,1999.99
3023,1999.99
3024,1999.99
3025,1999.99
3026,1999.99
3027,1999.99
3028,1999.99
3029,1999.99
3030,1999.99
3031,1999.99
3032,1999.99
3033,1999.99
3034,1999.99
3035,1999.99
3036,1999.99
3037,1999.99
3038,1999.99
3039,1999.99
3040,1999.99
3041,1999.99
3042,1999.99
3043,1999.99
3044,1999.99
3045,1999.99
3046,1999.99
3047,1999.99
3048,1999.99
3049,1999.99
3050,1999.99
3051,1999.99
3052,1999.99
3053,1999.99
3054,1999.99
3055,1999.99
3056,1999.99
3057,1999.99
3058,1999.99
3059,1999.99
3060,1999.99
3061,1999.99
3062,1999.99
3063,1999.99
3064,1999.99
3065,1999.99
3066,1999.99
3067,1999.99
3068,1999.99
3069,1999.99
3070,1999.99
3071,1999.99
3072,1999.99
3073,1999.99
3074,1999.99
3075,1999.99
3076,1999.99
3077,1999.99
3078,1999.99
3079,1999.99
3080,1999.99
3081,1999.99
3082,1999.99
3083,1999.99
3084,1999.99
3085,1999.99
3086,1999.99
3087,1999.99
3088,1999.99
3089,1999.99
3090,1999.99
3091,1999.99
3092,1999.99
3093,1999.99
3094,1999.99
3095,1999.99
3096,1999.99
3097,1999.99
3098,1999.99
3099,1999.99
3100,1999.99
3101,1999.99
3102,1999.99
3103,1999.99
3104,1999.99
3105,1999.99
3106,1999.99
3107,1999.99
3108,1999.99
3109,1999.99
3110,1999.99
3111,1999.99
3112,1999.99
3113,1999.99
3114,1999.99
3115,1999.99
3116,1999.99
3117,1999.99
3118,1999.99
3119,1999.99
3120,1999.99
3121,1999.99
3122,1999.99
3123,1999.99
3124,1999.99
3125,1999.99
3126,1999.99
3127,1999.99
3128,1999.99
3129,1999.99
3130,1999.99
3131,1999.99
3132,1999.99
3133,1999.99
3134,1999.99
3135,1999.99
3136,1999.99
3137,1999.99
3138,1999.99
3139,1999.99
3140,1999.99
3141,1999.99
3142,1999.99
3143,1999.99
3144,1999.99
3145,1999.99
3146,1999.99
3147,1999.99
3148,1999.99
3149,1999.99
3150,1999.99
3151,1999.99
3152,1999.99
3153,1999.99
3154,1999.99
3155,1999.99
3156,1999.99
3157,1999.99
3158,1999.99
3159,1999.99
3160,1999.99
3161,1999.99
3162,1999.99
3163,1999.99
3164,1999.99
3165,1999.99
3166,1999.99
3167,1999.99
3168,1999.99
3169,1999.99
3170,1999.99
3171,1999.99
3172,1999.99
3173,1999.99
3174,1999.99
3175,1999.99
3176,1999.99
3177,1999.99
3178,1999.99
3179,1999.99
3180,1999.99
3181,1999.99
3182,1999.99
3183,1999.99
3184,1999.99
3185,1999.99
3186,1999.99
3187,1999.99
3188,1999.99
3189,1999.99
3190,1999.99
3191,1999.99
3192,1999.99
3193,1999.99
3194,1999.99
3195,1999.99
3196,1999.99
3197,1999.99
3198,1999.99
3199,1999.99
3200,1999.99
3201,1999.99
3202,1999.99
3203,1999.99
3204,1999.99
3205,1999.99
3206,1999.99
3207,1999.99
3208,1999.99
3209,1999.99
3210,1999.99
3211,1999.99
3212,1999.99
3213,1999.99
3214,1999.99
3215,1999.99
3216,1999.99
3217,1999.99
3218,1999.99
3219,1999.99
3220,1999.99
3221,1999.99
3222,1999.99
3223,1999.99
3224,1999.99
3225,1999.99
3226,1999.99
3227,1999.99
3228,1999.99
3229,1999.99
3230,1999.99
3231,1999.99
3232,1999.99
3233,1999.99
3234,1999.99
3235,1999.99
3236,1999.99
3237,1999.99
3238,1999.99
3239,1999.99
3240,1999.99
3241,1999.99
3242,1999.99
3243,1999.99
3244,1999.99
3245,1999.99
3246,1999.99
3247,1999.99
3248,1999.99
3249,1999.99
3250,1999.99
3251,1999.99
3252,1999.99
3253,1999.99
3254,1999.99
3255,1999.99
3256,1999.99
3257,1999.99
3258,1999.99
3259,1999.99
3260,1999.99
3261,1999.99
3262,1999.99
3263,1999.99
3264,1999.99
3265,1999.99
3266,1999.99
3267,1999.99
3268,1999.99
3269,1999.99
3270,1999.99
3271,1999.99
3272,1999.99
3273,1999.99
3274,1999.99
3275,1999.99
3276,1999.99
3277,1999.99
3278,1999.99
3279,1999.99
3280,1999.99
3281,1999.99
3282,1999.99
3283,1999.99
3284,1999.99
3285,1999.99
3286,1999.99
3287,1999.99
3288,1999.99
3289,1999.99
3290,1999.99
3291,1999.99
3292,1999.99
3293,1999.99
3294,1999.99
3295,1999.99
3296,1999.99
3297,1999.99
3298,1999.99
3299,1999.99
3300,1999.99
3301,1999.99
3302,1999.99
3303,1999.99
3304,1999.99
3305,1999.99
3306,1999.99
3307,1999.99
3308,1999.99
3309,1999.99
3310,1999.99
3311,1999.99
3312,1999.99
3313,1999.99
3314,1999.99
3315,1999.99
3316,1999.99
3317,1999.99
3318,1999.99
3319,1999.99
3320,1999.99
3321,1999.99
3322,1999.99
3323,1999.99
3324,1999.99
3325,1999.99
3326,1999.99
3327,1999.99
3328,1999.99
3329,1999.99
3330,1999.99
3331,1999.99
3332,1999.99
3333,1999.99
3334,1999.99
3335,1999.99
3336,1999.99
3337,1999.99
3338,1999.99
3339,1999.99
3340,1999.99
3341,1999.99
3342,1999.99
3343,1999.99
3344,1999.99
3345,1999.99
3346,1999.99
3347,1999.99
3348,1999.99
3349,1999.99
3350,1999.99
3351,1999.99
3352,1999.99
3353,1999.99
3354,1999.99
3355,1999.99
3356,1999.99
3357,1999.99
3358,1999.99
3359,1999.99
3360,1999.99
3361,1999.99
3362,1999.99
3363,1999.99
3364,1999.99
3365,1999.99
3366,1999.99
3367,1999.99
3368,1999.99
3369,1999.99
3370,1999.99
3371,1999.99
3372,1999.99
3373,1999.99
3374,1999.99
3375,1999.99
3376,1999.99
3377,1999.99
3378,1999.99
3379,1999.99
3380,1999.99
3381,1999.99
3382,1999.99
3383,1999.99
3384,1999.99
3385,1999.99
3386,1999.99
3387,1999.99
3388,1999.99
3389,1999.99
3390,1999.99
3391,1999.99
3392,1999.99
3393,1999.99
3394,1999.99
3395,1999.99
3396,1999.99
3397,1999.99
3398,1999.99
3399,1999.99
3400,1999.99
3401,1999.99
3402,1999.99
3403,1999.99
3404,1999.99
3405,1999.99
3406,1999.99
3407,1999.99
3408,1999.99
3409,1999.99
3410,1999.99
3411,1999.99
3412,1999.99
3413,1999.99
3414,1999.99
3415,1999.99
3416,1999.99
3417,1999.99
3418,1999.99
3419,1999.99
3420,1999.99
3421,1999.99
3422,1999.99
3423,1999.99
3424,1999.99
3425,1999.99
3426,1999.99
3427,1999.99
3428,1999.99
3429,1999.99
3430,1999.99
3431,1999.99
3432,1999.99
3433,1999.99
3434,1999.99
3435,1999.99
3436,1999.99
3437,1999.99
3438,1999.99
3439,1999.99
3440,1999.99
3441,1999.99
3442,1999.99
3443,1999.99
3444,1999.99
3445,1999.99
3446,1999.99
3447,1999.99
3448,1999.99
3449,1999.99
3450,1999.99
3451,1999.99
3452,1999.99
3453,1999.99
3454,1999.99
3455,1999.99
3456,1999.99
3457,1999.99
3458,1999.99
3459,1999.99
3460,1999.99
3461,1999.99
3462,1999.99
3463,1999.99
3464,1999.99
3465,1999.99
3466,1999.99
3467,1999.99
3468,1999.99
3469,1999.99
3470,1999.99
3471,1999.99
3472,1999.99
3473,1999.99
3474,1999.99
3475,1999.99
3476,1999.99
3477,1999.99
3478,1999.99
3479,1999.99
3480,1999.99
3481,1999.99
3482,1999.99
3483,1999.99
3484,1999.99
3485,1999.99
3486,1999.99
3487,1999.99
3488,1999.99
3489,1999.99
3490,1999.99
3491,1999.99
3492,1999.99
3493,1999.99
3494,1999.99
3495,1999.99
3496,1999.99
3497,1999.99
3498,1999.99
3499,1999.99
3500,1999.99
3501,1999.99
3502,1999.99
3503,1999.99
3504,1999.99
3505,1999.99
3506,1999.99
3507,1999.99
3508,1999.99
3509,1999.99
3510,1999.99
3511,1999.99
3512,1999.99
3513,1999.99
3514,1999.99
3515,1999.99
3516,1999.99
3517,1999.99
3518,1999.99
3519,1999.99
3520,1999.99
3521,1999.99
3522,1999.99
3523,1999.99
3524,1999.99
3525,1999.99
3526,1999.99
3527,1999.99
3528,1999.99
3529,1999.99
3530,1999.99
3531,1999.99
3532,1999.99
3533,1999.99
3534,1999.99
3535,1999.99
3536,1999.99
3537,1999.99
3538,1999.99
3539,1999.99
3540,1999.99
3541,1999.99
3542,1999.99
3543,1999.99
3544,1999.99
3545,1999.99
3546,1999.99
3547,1999.99
3548,1999.99
3549,1999.99
3550,1999.99
3551,1999.99
3552,1999.99
3553,1999.99
3554,1999.99
3555,1999.99
3556,1999.99
3557,1999.99
3558,1999.99
3559,1999.99
3560,1999.99
3561,1999.99
3562,1999.99
3563,1999.99
3564,1999.99
3565,1999.99
3566,1999.99
3567,1999.99
3568,1999.99
3569,1999.99
3570,1999.99
3571,1999.99
3572,1999.99
3573,1999.99
3574,1999.99
3575,1999.99
3576,1999.99
3577,1999.99
3578,1999.99
3579,1999.99
3580,1999.99
3581,1999.99
3582,1999.99
3583,1999.99
3584,1999.99
3585,1999.99
3586,1999.99
3587,1999.99
3588,1999.99
3589,1999.99
3590,1999.99
3591,1999.99
3592,1999.99
3593,1999.99
3594,1999.99
3595,1999.99
3596,1999.99
3597,1999.99
3598,1999.99
3599,1999.99
3600,1999.99
3601,1999.99
3602,1999.99
3603,1999.99
3604,1999.99
3605,1999.99
3606,1999.99
3607,1999.99
3608,1999.99
3609,1999.99
3610,1999.99
3611,1999.99
3612,1999.99
3613,1999.99
3614,1999.99
3615,1999.99
3616,1999.99
3617,1999.99
3618,1999.99
3619,1999.99
3620,1999.99
3621,1999.99
3622,1999.99
3623,1999.99
3624,1999.99
3625,1999.99
3626,1999.99
3627,1999.99
3628,1999.99
3629,1999.99
3630,1999.99
3631,1999.99
3632,1999.99
3633,1999.99
3634,1999.99
3635,1999.99
3636,1999.99
3637,1999.99
3638,1999.99
3639,1999.99
3640,1999.99
3641,1999.99
3642,1999.99
3643,1999.99
3644,1999.99
3645,1999.99
3646,1999.99
3647,1999.99
3648,1999.99
3649,1999.99
3650,1999.99
3651,1999.99
3652,1999.99
3653,1999.99
3654,1999.99
3655,1999.99
3656,1999.99
3657,1999.99
3658,1999.99
3659,1999.99
3660,1999.99
3661,1999.99
3662,1999.99
3663,1999.99
3664,1999.99
3665,1999.99
3666,1999.99
3667,1999.99
3668,1999.99
3669,1999.99
3670,1999.99
3671,1999.99
3672,1999.99
3673,1999.99
3674,1999.99
3675,1999.99
3676,1999.99
3677,1999.99
3678,1999.99
3679,1999.99
3680,1999.99
3681,1999.99
3682,1999.99
3683,1999.99
3684,1999.99
3685,1999.99
3686,1999.99
3687,1999.99
3688,1999.99
3689,1999.99
3690,1999.99
3691,1999.99
3692,1999.99
3693,1999.99
3694,1999.99
3695,1999.99
3696,1999.99
3697,1999.99
3698,1999.99
3699,1999.99
3700,1999.99
3701,1999.99
3702,1999.99
3703,1999.99
3704,1999.99
3705,1999.99
3706,1999.99
3707,1999.99
3708,1999.99
3709,1999.99
3710,1999.99
3711,1999.99
3712,1999.99
3713,1999.99
3714,1999.99
3715,1999.99
3716,1999.99
3717,1999.99
3718,1999.99
3719,1999.99
3720,1999.99
3721,1999.99
3722,1999.99
3723,1999.99
3724,1999.99
3725,1999.99
3726,1999.99
3727,1999.99
3728,1999.99
3729,1999.99
3730,1999.99
3731,1999.99
3732,1999.99
3733,1999.99
3734,1999.99
3735,1999.99
3736,1999.99
3737,1999.99
3738,1999.99
3739,1999.99
3740,1999.99
3741,1999.99
3742,1999.99
3743,1999.99
3744,1999.99
3745,1999.99
3746,1999.99
3747,1999.99
3748,1999.99
3749,1999.99
3750,1999.99
3751,1999.99
3752,1999.99
3753,1999.99
3754,1999.99
3755,1999.99
3756,1999.99
3757,1999.99
3758,1999.99
3759,1999.99
3760,1999.99
3761,1999.99
3762,1999.99
3763,1999.99
3764,1999.99
3765,1999.99
3766,1999.99
3767,1999.99
3768,1999.99
3769,1999.99
3770,1999.99
3771,1999.99
3772,1999.99
3773,1999.99
3774,1999.99
3775,1999.99
3776,1999.99
3777,1999.99
3778,1999.99
3779,1999.99
3780,1999.99
3781,1999.99
3782,1999.99
3783,1999.99
3784,1999.99
3785,1999.99
3786,1999.99
3787,1999.99
3788,1999.99
3789,1999.99
3790,1999.99
3791,1999.99
3792,1999.99
3793,1999.99
3794,1999.99
3795,1999.99
3796,1999.99
3797,1999.99
3798,1999.99
3799,1999.99
3800,1999.99
3801,1999.99
3802,1999.99
3803,1999.99
3804,1999.99
3805,1999.99
3806,1999.99
3807,1999.99
3808,1999.99
3809,1999.99
3810,1999.99
3811,1999.99
3812,1999.99
3813,1999.99
3814,1999.99
3815,1999.99
3816,1999.99
3817,1999.99
3818,1999.99
3819,1999.99
3820,1999.99
3821,1999.99
3822,1999.99
3823,1999.99
3824,1999.99
3825,1999.99
3826,1999.99
3827,1999.99
3828,1999.99
3829,1999.99
3830,1999.99
3831,1999.99
3832,1999.99
3833,1999.99
3834,1999.99
3835,1999.99
3836,1999.99
3837,1999.99
3838,1999.99
3839,1999.99
3840,1999.99
3841,1999.99
3842,1999.99
3843,1999.99
3844,1999.99
3845,1999.99
3846,1999.99
3847,1999.99
3848,1999.99
3849,1999.99
3850,1999.99
3851,1999.99
3852,1999.99
3853,1999.99
3854,1999.99
3855,1999.99
3856,1999.99
3857,1999.99
3858,1999.99
3859,1999.99
3860,1999.99
3861,1999.99
3862,1999.99
3863,1999.99
3864,1999.99
3865,1999.99
3866,1999.99
3867,1999.99
3868,1999.99
3869,1999.99
3870,1999.99
3871,1999.99
3872,1999.99
3873,1999.99
3874,1999.99
3875,1999.99
3876,1999.99
3877,1999.99
3878,1999.99
3879,1999.99
3880,1999.99
3881,1999.99
3882,1999.99
3883,1999.99
3884,1999.99
3885,1999.99
3886,1999.99
3887,1999.99
3888,1999.99
3889,1999.99
3890,1999.99
3891,1999.99
3892,1999.99
3893,1999.99
3894,1999.99
3895,1999.99
3896,1999.99
3897,1999.99
3898,1999.99
3899,1999.99
3900,1999.99
3901,1999.99
3902,1999.99
3903,1999.99
3904,1999.99
3905,1999.99
3906,1999.99
3907,1999.99
3908,1999.99
3909,1999.99
3910,1999.99
3911,1999.99
3912,1999.99
3913,1999.99
3914,1999.99
3915,1999.99
3916,1999.99
3917,1999.99
3918,1999.99
3919,1999.99
3920,1999.99
3921,1999.99
3922,1999.99
3923,1999.99
3924,1999.99
3925,1999.99
3926,1999.99
3927,1999.99
3928,1999.99
3929,1999.99
3930,1999.99
3931,1999.99
3932,1999.99
3933,1999.99
3934,1999.99
3935,1999.99
3936,1999.99
3937,1999.99
3938,1999.99
3939,1999.99
3940,1999.99
3941,1999.99
3942,1999.99
3943,1999.99
3944,1999.99
3945,1999.99
3946,1999.99
3947,1999.99
3948,1999.99
3949,1999.99
3950,1999.99
3951,1999.99
3952,1999.99
3953,1999.99
3954,1999.99
3955,1999.99
3956,1999.99
3957,1999.99
3958,1999.99
3959,1999.99
3960,1999.99
3961,1999.99
3962,1999.99
3963,1999.99
3964,1999.99
3965,1999.99
3966,1999.99
3967,1999.99
3968,1999.99
3969,1999.99
3970,1999.99
3971,1999.99
3972,1999.99
3973,1999.99
3974,1999.99
3975,1999.99
3976,1999.99
3977,1999.99
3978,1999.99
3979,1999.99
3980,1999.99
3981,1999.99
3982,1999.99
3983,1999.99
3984,1999.99
3985,1999.99
3986,1999.99
3987,1999.99
3988,1999.99
3989,1999.99
3990,1999.99
3991,1999.99
3992,1999.99
3993,1999.99
3994,1999.99
3995,1999.99
3996,1999.99
3997,1999.99
3998,1999.99
3999,1999.99
4000,1999.99
4001,1999.99
4002,1999.99
4003,1999.99
4004,1999.99
4005,1999.99
4006,1999.99
4007,1999.99
4008,1999.99
4009,1999.99
4010,1999.99
4011,1999.99
4012,1999.99
4013,1999.99
4014,1999.99
4015,1999.99
4016,1999.99
4017,1999.99
4018,1999.99
4019,1999.99
4020,1999.99
4021,1999.99
4022,1999.99
4023,1999.99
4024,1999.99
4025,1999.99
4026,1999.99
4027,1999.99
4028,1999.99
4029,1999.99
4030,1999.99
4031,1999.99
4032,1999.99
4033,1999.99
4034,1999.99
4035,1999.99
4036,1999.99
4037,1999.99
4038,1999.99
4039,1999.99
4040,1999.99
4041,1999.99
4042,1999.99
4043,1999.99
4044,1999.99
4045,1999.99
4046,1999.99
4047,1999.99
4048,1999.99
4049,1999.99
4050,1999.99
4051,1999.99
4052,1999.99
4053,1999.99
4054,1999.99
4055,1999.99
4056,1999.99
4057,1999.99
4058,1999.99
4059,1999.99
4060,1999.99
4061,1999.99
4062,1999.99
4063,1999.99
4064,1999.99
4065,1999.99
4066,1999.99
4067,1999.99
4068,1999.99
4069,1999.99
4070,1999.99
4071,1999.99
4072,1999.99
4073,1999.99
4074,1999.99
4075,1999.99
4076,1999.99
4077,1999.99
4078,1999.99
4079,1999.99
4080,1999.99
4081,1999.99
4082,1999.99
4083,1999.99
4084,1999.99
4085,1999.99
4086,1999.99
4087,1999.99
4088,1999.99
4089,1999.99
4090,1999.99
4091,1999.99
4092,1999.99
4093,1999.99
4094,1999.99
4095,1999.99
4096,1999.99
4097,1999.99
4098,1999.99
4099,1999.99
4100,1999.99
4101,1999.99
4102,1999.99
4103,1999.99
4104,1999.99
4105,1999.99
4106,1999.99
4107,1999.99
4108,1999.99
4109,1999.99
4110,1999.99
4111,1999.99
4112,1999.99
4113,1999.99
4114,1999.99
4115,1999.99
4116,1999.99
4117,1999.99
4118,1999.99
4119,1999.99
4120,1999.99
4121,1999.99
4122,1999.99
4123,1999.99
4124,1999.99
4125,1999.99
4126,1999.99
4127,1999.99
4128,1999.99
4129,1999.99
4130,1999.99
4131,1999.99
4132,1999.99
4133,1999.99
4134,1999.99
4135,1999.99
4136,1999.99
4137,1999.99
4138,1999.99
4139,1999.99
4140,1999.99
4141,1999.99
4142,1999.99
4143,1999.99
4144,1999.99
4145,1999.99
4146,1999.99
4147,1999.99
4148,1999.99
4149,1999.99
4150,1999.99
4151,1999.99
4152,1999.99
4153,1999.99
4154,1999.99
4155,1999.99
4156,1999.99
4157,1999.99
4158,1999.99
4159,1999.99
4160,1999.99
4161,1999.99
4162,1999.99
4163,1999.99
4164,1999.99
4165,1999.99
4166,1999.99
4167,1999.99
4168,1999.99
4169,1999.99
4170,1999.99
4171,1999.99
4172,1999.99
4173,1999.99
4174,1999.99
4175,1999.99
4176,1999.99
4177,1999.99
4178,1999.99
4179,1999.99
4180,1999.99
4181,1999.99
4182,1999.99
4183,1999.99
4184,1999.99
4185,1999.99
4186,1999.99
4187,1999.99
4188,1999.99
4189,1999.99
4190,1999.99
4191,1999.99
4192,1999.99
4193,1999.99
4194,1999.99
4195,1999.99
4196,1999.99
4197,1999.99
4198,1999.99
4199,1999.99
4200,1999.99
4201,1999.99
4202,1999.99
4203,1999.99
4204,1999.99
4205,1999.99
4206,1999.99
4207,1999.99
4208,1999.99
4209,1999.99
4210,1999.99
4211,1999.99
4212,1999.99
4213,1999.99
4214,1999.99
4215,1999.99
4216,1999.99
4217,1999.99
4218,1999.99
4219,1999.99
4220,1999.99
4221,1999.99
4222,1999.99
4223,1999.99
4224,1999.99
4225,1999.99
4226,1999.99
4227,1999.99
4228,1999.99
4229,1999.99
4230,1999.99
4231,1999.99
4232,1999.99
4233,1999.99
4234,1999.99
4235,1999.99
4236,1999.99
4237,1999.99
4238,1999.99
4239,1999.99
4240,1999.99
4241,1999.99
4242,1999.99
4243,1999.99
4244,1999.99
4245,1999.99
4246,1999.99
4247,1999.99
4248,1999.99
4249,1999.99
4250,1999.99
4251,1999.99
4252,1999.99
4253,1999.99
4254,1999.99
4255,1999.99
4256,1999.99
4257,1999.99
4258,1999.99
4259,1999.99
4260,1999.99
4261,1999.99
4262,1999.99
4263,1999.99
4264,1999.99
4265,1999.99
4266,1999.99
4267,1999.99
4268,1999.99
4269,1999.99
4270,1999.99
4271,1999.99
4272,1999.99
4273,1999.99
4274,1999.99
4275,1999.99
4276,1999.99
4277,1999.99
4278,1999.99
4279,1999.99
4280,1999.99
4281,1999.99
4282,1999.99
4283,1999.99
4284,1999.99
4285,1999.99
4286,1999.99
4287,1999.99
4288,1999.99
4289,1999.99
4290,1999.99
4291,1999.99
4292,1999.99
4293,1999.99
4294,1999.99
4295,1999.99
4296,1999.99
4297,1999.99
4298,1999.99
4299,1999.99
4300,1999.99
4301,1999.99
4302,1999.99
4303,1999.99
4304,1999.99
4305,1999.99
4306,1999.99
4307,1999.99
4308,1999.99
4309,1999.99
4310,1999.99
4311,1999.99
4312,1999.99
4313,1999.99
4314,1999.99
4315,1999.99
4316,1999.99
4317,1999.99
4318,1999.99
4319,1999.99
4320,1999.99
4321,1999.99
4322,1999.99
4323,1999.99
4324,1999.99
4325,1999.99
4326,1999.99
4327,1999.99
4328,1999.99
4329,1999.99
4330,1999.99
4331,1999.99
4332,1999.99
4333,1999.99
4334,1999.99
4335,1999.99
4336,1999.99
4337,1999.99
4338,1999.99
4339,1999.99
4340,1999.99
4341,1999.99
4342,1999.99
4343,1999.99
4344,1999.99
4345,1999.99
4346,1999.99
4347,1999.99
4348,1999.99
4349,1999.99
4350,1999.99
4351,1999.99
4352,1999.99
4353,1999.99
4354,1999.99
4355,1999.99
4356,1999.99
4357,1999.99
4358,1999.99
4359,1999.99
4360,1999.99
4361,1999.99
4362,1999.99
4363,1999.99
4364,1999.99
4365,1999.99
4366,1999.99
4367,1999.99
4368,1999.99
4369,1999.99
4370,1999.99
4371,1999.99
4372,1999.99
4373,1999.99
4374,1999.99
4375,1999.99
4376,1999.99
4377,1999.99
4378,1999.99
4379,1999.99
4380,1999.99
4381,1999.99
4382,1999.99
4383,1999.99
4384,1999.99
4385,1999.99
4386,1999.99
4387,1999.99
4388,1999.99
4389,1999.99
4390,1999.99
4391,1999.99
4392,1999.99
4393,1999.99
4394,1999.99
4395,1999.99
4396,1999.99
4397,1999.99
4398,1999.99
4399,1999.99
4400,1999.99
4401,1999.99
4402,1999.99
4403,1999.99
4404,1999.99
4405,1999.99
4406,1999.99
4407,1999.99
4408,1999.99
4409,1999.99
4410,1999.99
4411,1999.99
4412,1999.99
4413,1999.99
4414,1999.99
4415,1999.99
4416,1999.99
4417,1999.99
4418,1999.99
4419,1999.99
4420,1999.99
4421,1999.99
4422,1999.99
4423,1999.99
4424,1999.99
4425,1999.99
4426,1999.99
4427,1999.99
4428,1999.99
4429,1999.99
4430,1999.99
4431,1999.99
4432,1999.99
4433,1999.99
4434,1999.99
4435,1999.99
4436,1999.99
4437,1999.99
4438,1999.99
4439,1999.99
4440,1999.99
4441,1999.99
4442,1999.99
4443,1999.99
4444,1999.99
4445,1999.99
4446,1999.99
4447,1999.99
4448,1999.99
4449,1999.99
4450,1999.99
4451,1999.99
4452,1999.99
4453,1999.99
4454,1999.99
4455,1999.99
4456,1999.99
4457,1999.99
4458,1999.99
4459,1999.99
4460,1999.99
4461,1999.99
4462,1999.99
4463,1999.99
4464,1999.99
4465,1999.99
4466,1999.99
4467,1999.99
4468,1999.99
4469,1999.99
4470,1999.99
4471,1999.99
4472,1999.99
4473,1999.99
4474,1999.99
4475,1999.99
4476,1999.99
4477,1999.99
4478,1999.99
4479,1999.99
4480,1999.99
4481,1999.99
4482,1999.99
4483,1999.99
4484,1999.99
4485,1999.99
4486,1999.99
4487,1999.99
4488,1999.99
4489,1999.99
4490,1999.99
4491,1999.99
4492,1999.99
4493,1999.99
4494,1999.99
4495,1999.99
4496,1999.99
4497,1999.99
4498,1999.99
4499,1999.99
4500,1999.99
4501,1999.99
4502,1999.99
4503,1999.99
4504,1999.99
4505,1999.99
4506,1999.99
4507,1999.99
4508,1999.99
4509,1999.99
4510,1999.99
4511,1999.99
4512,1999.99
4513,1999.99
4514,1999.99
4515,1999.99
4516,1999.99
4517,1999.99
4518,1999.99
4519,1999.99
4520,1999.99
4521,1999.99
4522,1999.99
4523,1999.99
4524,1999.99
4525,1999.99
4526,1999.99
4527,1999.99
4528,1999.99
4529,1999.99
4530,1999.99
4531,1999.99
4532,1999.99
4533,1999.99
4534,1999.99
4535,1999.99
4536,1999.99
4537,1999.99
4538,1999.99
4539,1999.99
4540,1999.99
4541,1999.99
4542,1999.99
4543,1999.99
4544,1999.99
4545,1999.99
4546,1999.99
4547,1999.99
4548,1999.99
4549,1999.99
4550,1999.99
4551,1999.99
4552,1999.99
4553,1999.99
4554,1999.99
4555,1999.99
4556,1999.99
4557,1999.99
4558,1999.99
4559,1999.99
4560,1999.99
4561,1999.99
4562,1999.99
4563,1999.99
4564,1999.99
4565,1999.99
4566,1999.99
4567,1999.99
4568,1999.99
4569,1999.99
4570,1999.99
4571,1999.99
4572,1999.99
4573,1999.99
4574,1999.99
4575,1999.99
4576,1999.99
4577,1999.99
4578,1999.99
4579,1999.99
4580,1999.99
4581,1999.99
4582,1999.99
4583,1999.99
4584,1999.99
4585,1999.99
4586,1999.99
4587,1999.99
4588,1999.99
4589,1999.99
4590,1999.99
4591,1999.99
4592,1999.99
4593,1999.99
4594,1999.99
4595,1999.99
4596,1999.99
4597,1999.99
4598,1999.99
4599,1999.99
4600,1999.99
4601,1999.99
4602,1999.99
4603,1999.99
4604,1999.99
4605,1999.99
4606,1999.99
4607,1999.99
4608,1999.99
4609,1999.99
4610,1999.99
4611,1999.99
4612,1999.99
4613,1999.99
4614,1999.99
4615,1999.99
4616,1999.99
4617,1999.99
4618,1999.99
4619,1999.99
4620,1999.99
4621,1999.99
4622,1999.99
4623,1999.99
4624,1999.99
4625,1999.99
4626,1999.99
4627,1999.99
4628,1999.99
4629,1999.99
4630,1999.99
4631,1999.99
4632,1999.99
4633,1999.99
4634,1999.99
4635,1999.99
4636,1999.99
4637,1999.99
4638,1999.99
4639,1999.99
4640,1999.99
4641,1999.99
4642,1999.99
4643,1999.99
4644,1999.99
4645,1999.99
4646,1999.99
4647,1999.99
4648,1999.99
4649,1999.99
4650,1999.99
4651,1999.99
4652,1999.99
4653,1999.99
4654,1999.99
4655,1999.99
4656,1999.99
4657,1999.99
4658,1999.99
4659,1999.99
4660,1999.99
4661,1999.99
4662,1999.99
4663,1999.99
4664,1999.99
4665,1999.99
4666,1999.99
4667,1999.99
4668,1999.99
4669,1999.99
4670,1999.99
4671,1999.99
4672,1999.99
4673,1999.99
4674,1999.99
4675,1999.99
4676,1999.99
4677,1999.99
4678,1999.99
4679,1999.99
4680,1999.99
4681,1999.99
4682,1999.99
4683,1999.99
4684,1999.99
4685,1999.99
4686,1999.99
4687,1999.99
4688,1999.99
4689,1999.99
4690,1999.99
4691,1999.99
4692,1999.99
4693,1999.99
4694,1999.99
4695,1999.99
4696,1999.99
4697,1999.99
4698,1999.99
4699,1999.99
4700,1999.99
4701,1999.99
4702,1999.99
4703,1999.99
4704,1999.99
4705,1999.99
4706,1999.99
4707,1999.99
4708,1999.99
4709,1999.99
4710,1999.99
4711,1999.99
4712,1999.99
4713,1999.99
4714,1999.99
4715,1999.99
4716,1999.99
4717,1999.99
4718,1999.99
4719,1999.99
4720,1999.99
4721,1999.99
4722,1999.99
4723,1999.99
4724,1999.99
4725,1999.99
4726,1999.99
4727,1999.99
4728,1999.99
4729,1999.99
4730,1999.99
4731,1999.99
4732,1999.99
4733,1999.99
4734,1999.99
4735,1999.99
4736,1999.99
4737,1999.99
4738,1999.99
4739,1999.99
4740,1999.99
4741,1999.99
4742,1999.99
4743,1999.99
4744,1999.99
4745,1999.99
4746,1999.99
4747,1999.99
4748,1999.99
4749,1999.99
4750,1999.99
4751,1999.99
4752,1999.99
4753,1999.99
4754,1999.99
4755,1999.99
4756,1999.99
4757,1999.99
4758,1999.99
4759,1999.99
4760,1999.99
4761,1999.99
4762,1999.99
4763,1999.99
4764,1999.99
4765,1999.99
4766,1999.99
4767,1999.99
4768,1999.99
4769,1999.99
4770,1999.99
4771,1999.99
4772,1999.99
4773,1999.99
4774,1999.99
4775,1999.99
4776,1999.99
4777,1999.99
4778,1999.99
4779,1999.99
4780,1999.99
4781,1999.99
4782,1999.99
4783,1999.99
4784,1999.99
4785,1999.99
4786,1999.99
4787,1999.99
4788,1999.99
4789,1999.99
4790,1999.99
4791,1999.99
4792,1999.99
4793,1999.99
4794,1999.99
4795,1999.99
4796,1999.99
4797,1999.99
4798,1999.99
4799,1999.99
4800,1999.99
4801,1999.99
4802,1999.99
4803,1999.99
4804,1999.99
4805,1999.99
4806,1999.99
4807,1999.99
4808,1999.99
4809,1999.99
4810,1999.99
4811,1999.99
4812,1999.99
4813,1999.99
4814,1999.99
4815,1999.99
4816,1999.99
4817,1999.99
4818,1999.99
4819,1999.99
4820,1999.99
4821,1999.99
4822,1999.99
4823,1999.99
4824,1999.99
4825,1999.99
4826,1999.99
4827,1999.99
4828,1999.99
4829,1999.99
4830,1999.99
4831,1999.99
4832,1999.99
4833,1999.99
4834,1999.99
4835,1999.99
4836,1999.99
4837,1999.99
4838,1999.99
4839,1999.99
4840,1999.99
4841,1999.99
4842,1999.99
4843,1999.99
4844,1999.99
4845,1999.99
4846,1999.99
4847,1999.99
4848,1999.99
4849,1999.99
4850,1999.99
4851,1999.99
4852,1999.99
4853,1999.99
4854,1999.99
4855,1999.99
4856,1999.99
4857,1999.99
4858,1999.99
4859,1999.99
4860,1999.99
4861,1999.99
4862,1999.99
4863,1999.99
4864,1999.99
4865,1999.99
4866,1999.99
4867,1999.99
4868,1999.99
4869,1999.99
4870,1999.99
4871,1999.99
4872,1999.99
4873,1999.99
4874,1999.99
4875,1999.99
4876,1999.99
4877,1999.99
4878,1999.99
4879,1999.99
4880,1999.99
4881,1999.99
4882,1999.99
4883,1999.99
4884,1999.99
4885,1999.99
4886,1999.99
4887,1999.99
4888,1999.99
4889,1999.99
4890,1999.99
4891,1999.99
4892,1999.99
4893,1999.99
4894,1999.99
4895,1999.99
4896,1999.99
4897,1999.99
4898,1999.99
4899,1999.99
4900,1999.99
4901,1999.99
4902,1999.99
4903,1999.99
4904,1999.99
4905,1999.99
4906,1999.99
4907,1999.99
4908,1999.99
4909,1999.99
4910,1999.99
4911,1999.99
4912,1999.99
4913,1999.99
4914,1999.99
4915,1999.99
4916,1999.99
4917,1999.99
4918,1999.99
4919,1999.99
4920,1999.99
4921,1999.99
4922,1999.99
4923,1999.99
4924,1999.99
4925,1999.99
4926,1999.99
4927,1999.99
4928,1999.99
4929,1999.99
4930,1999.99
4931,1999.99
4932,1999.99
4933,1999.99
4934,1999.99
4935,1999.99
4936,1999.99
4937,1999.99
4938,1999.99
4939,1999.99
4940,1999.99
4941,1999.99
4942,1999.99
4943,1999.99
4944,1999.99
4945,1999.99
4946,1999.99
4947,1999.99
4948,1999.99
4949,1999.99
4950,1999.99
4951,1999.99
4952,1999.99
4953,1999.99
4954,1999.99
4955,1999.99
4956,1999.99
4957,1999.99
4958,1999.99
4959,1999.99
4960,1999.99
4961,1999.99
4962,1999.99
4963,1999.99
4964,1999.99
4965,1999.99
4966,1999.99
4967,1999.99
4968,1999.99
4969,1999.99
4970,1999.99
4971,1999.99
4972,1999.99
4973,1999.99
4974,1999.99
4975,1999.99
4976,1999.99
4977,1999.99
4978,1999.99
4979,1999.99
4980,1999.99
4981,1999.99
4982,1999.99
4983,1999.99
4984,1999.99
4985,1999.99
4986,1999.99
4987,1999.99
4988,1999.99
4989,1999.99
4990,1999.99
4991,1999.99
4992,1999.99
4993,1999.99
4994,1999.99
4995,1999.99
4996,1999.99
4997,1999.99
4998,1999.99
4999,1999.99
5000,1999.99
