Id,ic50_Omicron
1,180
2,180
3,180
4,180
5,180
6,180
7,180
8,180
9,180
10,180
11,180
12,180
13,180
14,180
15,180
16,180
17,180
18,180
19,180
20,180
21,180
22,180
23,180
24,180
25,180
26,180
27,180
28,180
29,180
30,180
31,180
32,180
33,180
34,180
35,180
36,180
37,180
38,180
39,180
40,180
41,180
42,180
43,180
44,180
45,180
46,180
47,180
48,180
49,180
50,180
51,180
52,180
53,180
54,180
55,180
56,180
57,180
58,180
59,180
60,180
61,180
62,180
63,180
64,180
65,180
66,180
67,180
68,180
69,180
70,180
71,180
72,180
73,180
74,180
75,180
76,180
77,180
78,180
79,180
80,180
81,180
82,180
83,180
84,180
85,180
86,180
87,180
88,180
89,180
90,180
91,180
92,180
93,180
94,180
95,180
96,180
97,180
98,180
99,180
100,180
101,180
102,180
103,180
104,180
105,180
106,180
107,180
108,180
109,180
110,180
111,180
112,180
113,180
114,180
115,180
116,180
117,180
118,180
119,180
120,180
121,180
122,180
123,180
124,180
125,180
126,180
127,180
128,180
129,180
130,180
131,180
132,180
133,180
134,180
135,180
136,180
137,180
138,180
139,180
140,180
141,180
142,180
143,180
144,180
145,180
146,180
147,180
148,180
149,180
150,180
151,180
152,180
153,180
154,180
155,180
156,180
157,180
158,180
159,180
160,180
161,180
162,180
163,180
164,180
165,180
166,180
167,180
168,180
169,180
170,180
171,180
172,180
173,180
174,180
175,180
176,180
177,180
178,180
179,180
180,180
181,180
182,180
183,180
184,180
185,180
186,180
187,180
188,180
189,180
190,180
191,180
192,180
193,180
194,180
195,180
196,180
197,180
198,180
199,180
200,180
201,180
202,180
203,180
204,180
205,180
206,180
207,180
208,180
209,180
210,180
211,180
212,180
213,180
214,180
215,180
216,180
217,180
218,180
219,180
220,180
221,180
222,180
223,180
224,180
225,180
226,180
227,180
228,180
229,180
230,180
231,180
232,180
233,180
234,180
235,180
236,180
237,180
238,180
239,180
240,180
241,180
242,180
243,180
244,180
245,180
246,180
247,180
248,180
249,180
250,180
251,180
252,180
253,180
254,180
255,180
256,180
257,180
258,180
259,180
260,180
261,180
262,180
263,180
264,180
265,180
266,180
267,180
268,180
269,180
270,180
271,180
272,180
273,180
274,180
275,180
276,180
277,180
278,180
279,180
280,180
281,180
282,180
283,180
284,180
285,180
286,180
287,180
288,180
289,180
290,180
291,180
292,180
293,180
294,180
295,180
296,180
297,180
298,180
299,180
300,180
301,180
302,180
303,180
304,180
305,180
306,180
307,180
308,180
309,180
310,180
311,180
312,180
313,180
314,180
315,180
316,180
317,180
318,180
319,180
320,180
321,180
322,180
323,180
324,180
325,180
326,180
327,180
328,180
329,180
330,180
331,180
332,180
333,180
334,180
335,180
336,180
337,180
338,180
339,180
340,180
341,180
342,180
343,180
344,180
345,180
346,180
347,180
348,180
349,180
350,180
351,180
352,180
353,180
354,180
355,180
356,180
357,180
358,180
359,180
360,180
361,180
362,180
363,180
364,180
365,180
366,180
367,180
368,180
369,180
370,180
371,180
372,180
373,180
374,180
375,180
376,180
377,180
378,180
379,180
380,180
381,180
382,180
383,180
384,180
385,180
386,180
387,180
388,180
389,180
390,180
391,180
392,180
393,180
394,180
395,180
396,180
397,180
398,180
399,180
400,180
401,180
402,180
403,180
404,180
405,180
406,180
407,180
408,180
409,180
410,180
411,180
412,180
413,180
414,180
415,180
416,180
417,180
418,180
419,180
420,180
421,180
422,180
423,180
424,180
425,180
426,180
427,180
428,180
429,180
430,180
431,180
432,180
433,180
434,180
435,180
436,180
437,180
438,180
439,180
440,180
441,180
442,180
443,180
444,180
445,180
446,180
447,180
448,180
449,180
450,180
451,180
452,180
453,180
454,180
455,180
456,180
457,180
458,180
459,180
460,180
461,180
462,180
463,180
464,180
465,180
466,180
467,180
468,180
469,180
470,180
471,180
472,180
473,180
474,180
475,180
476,180
477,180
478,180
479,180
480,180
481,180
482,180
483,180
484,180
485,180
486,180
487,180
488,180
489,180
490,180
491,180
492,180
493,180
494,180
495,180
496,180
497,180
498,180
499,180
500,180
501,180
502,180
503,180
504,180
505,180
506,180
507,180
508,180
509,180
510,180
511,180
512,180
513,180
514,180
515,180
516,180
517,180
518,180
519,180
520,180
521,180
522,180
523,180
524,180
525,180
526,180
527,180
528,180
529,180
530,180
531,180
532,180
533,180
534,180
535,180
536,180
537,180
538,180
539,180
540,180
541,180
542,180
543,180
544,180
545,180
546,180
547,180
548,180
549,180
550,180
551,180
552,180
553,180
554,180
555,180
556,180
557,180
558,180
559,180
560,180
561,180
562,180
563,180
564,180
565,180
566,180
567,180
568,180
569,180
570,180
571,180
572,180
573,180
574,180
575,180
576,180
577,180
578,180
579,180
580,180
581,180
582,180
583,180
584,180
585,180
586,180
587,180
588,180
589,180
590,180
591,180
592,180
593,180
594,180
595,180
596,180
597,180
598,180
599,180
600,180
601,180
602,180
603,180
604,180
605,180
606,180
607,180
608,180
609,180
610,180
611,180
612,180
613,180
614,180
615,180
616,180
617,180
618,180
619,180
620,180
621,180
622,180
623,180
624,180
625,180
626,180
627,180
628,180
629,180
630,180
631,180
632,180
633,180
634,180
635,180
636,180
637,180
638,180
639,180
640,180
641,180
642,180
643,180
644,180
645,180
646,180
647,180
648,180
649,180
650,180
651,180
652,180
653,180
654,180
655,180
656,180
657,180
658,180
659,180
660,180
661,180
662,180
663,180
664,180
665,180
666,180
667,180
668,180
669,180
670,180
671,180
672,180
673,180
674,180
675,180
676,180
677,180
678,180
679,180
680,180
681,180
682,180
683,180
684,180
685,180
686,180
687,180
688,180
689,180
690,180
691,180
692,180
693,180
694,180
695,180
696,180
697,180
698,180
699,180
700,180
701,180
702,180
703,180
704,180
705,180
706,180
707,180
708,180
709,180
710,180
711,180
712,180
713,180
714,180
715,180
716,180
717,180
718,180
719,180
720,180
721,180
722,180
723,180
724,180
725,180
726,180
727,180
728,180
729,180
730,180
731,180
732,180
733,180
734,180
735,180
736,180
737,180
738,180
739,180
740,180
741,180
742,180
743,180
744,180
745,180
746,180
747,180
748,180
749,180
750,180
751,180
752,180
753,180
754,180
755,180
756,180
757,180
758,180
759,180
760,180
761,180
762,180
763,180
764,180
765,180
766,180
767,180
768,180
769,180
770,180
771,180
772,180
773,180
774,180
775,180
776,180
777,180
778,180
779,180
780,180
781,180
782,180
783,180
784,180
785,180
786,180
787,180
788,180
789,180
790,180
791,180
792,180
793,180
794,180
795,180
796,180
797,180
798,180
799,180
800,180
801,180
802,180
803,180
804,180
805,180
806,180
807,180
808,180
809,180
810,180
811,180
812,180
813,180
814,180
815,180
816,180
817,180
818,180
819,180
820,180
821,180
822,180
823,180
824,180
825,180
826,180
827,180
828,180
829,180
830,180
831,180
832,180
833,180
834,180
835,180
836,180
837,180
838,180
839,180
840,180
841,180
842,180
843,180
844,180
845,180
846,180
847,180
848,180
849,180
850,180
851,180
852,180
853,180
854,180
855,180
856,180
857,180
858,180
859,180
860,180
861,180
862,180
863,180
864,180
865,180
866,180
867,180
868,180
869,180
870,180
871,180
872,180
873,180
874,180
875,180
876,180
877,180
878,180
879,180
880,180
881,180
882,180
883,180
884,180
885,180
886,180
887,180
888,180
889,180
890,180
891,180
892,180
893,180
894,180
895,180
896,180
897,180
898,180
899,180
900,180
901,180
902,180
903,180
904,180
905,180
906,180
907,180
908,180
909,180
910,180
911,180
912,180
913,180
914,180
915,180
916,180
917,180
918,180
919,180
920,180
921,180
922,180
923,180
924,180
925,180
926,180
927,180
928,180
929,180
930,180
931,180
932,180
933,180
934,180
935,180
936,180
937,180
938,180
939,180
940,180
941,180
942,180
943,180
944,180
945,180
946,180
947,180
948,180
949,180
950,180
951,180
952,180
953,180
954,180
955,180
956,180
957,180
958,180
959,180
960,180
961,180
962,180
963,180
964,180
965,180
966,180
967,180
968,180
969,180
970,180
971,180
972,180
973,180
974,180
975,180
976,180
977,180
978,180
979,180
980,180
981,180
982,180
983,180
984,180
985,180
986,180
987,180
988,180
989,180
990,180
991,180
992,180
993,180
994,180
995,180
996,180
997,180
998,180
999,180
1000,180
1001,180
1002,180
1003,180
1004,180
1005,180
1006,180
1007,180
1008,180
1009,180
1010,180
1011,180
1012,180
1013,180
1014,180
1015,180
1016,180
1017,180
1018,180
1019,180
1020,180
1021,180
1022,180
1023,180
1024,180
1025,180
1026,180
1027,180
1028,180
1029,180
1030,180
1031,180
1032,180
1033,180
1034,180
1035,180
1036,180
1037,180
1038,180
1039,180
1040,180
1041,180
1042,180
1043,180
1044,180
1045,180
1046,180
1047,180
1048,180
1049,180
1050,180
1051,180
1052,180
1053,180
1054,180
1055,180
1056,180
1057,180
1058,180
1059,180
1060,180
1061,180
1062,180
1063,180
1064,180
1065,180
1066,180
1067,180
1068,180
1069,180
1070,180
1071,180
1072,180
1073,180
1074,180
1075,180
1076,180
1077,180
1078,180
1079,180
1080,180
1081,180
1082,180
1083,180
1084,180
1085,180
1086,180
1087,180
1088,180
1089,180
1090,180
1091,180
1092,180
1093,180
1094,180
1095,180
1096,180
1097,180
1098,180
1099,180
1100,180
1101,180
1102,180
1103,180
1104,180
1105,180
1106,180
1107,180
1108,180
1109,180
1110,180
1111,180
1112,180
1113,180
1114,180
1115,180
1116,180
1117,180
1118,180
1119,180
1120,180
1121,180
1122,180
1123,180
1124,180
1125,180
1126,180
1127,180
1128,180
1129,180
1130,180
1131,180
1132,180
1133,180
1134,180
1135,180
1136,180
1137,180
1138,180
1139,180
1140,180
1141,180
1142,180
1143,180
1144,180
1145,180
1146,180
1147,180
1148,180
1149,180
1150,180
1151,180
1152,180
1153,180
1154,180
1155,180
1156,180
1157,180
1158,180
1159,180
1160,180
1161,180
1162,180
1163,180
1164,180
1165,180
1166,180
1167,180
1168,180
1169,180
1170,180
1171,180
1172,180
1173,180
1174,180
1175,180
1176,180
1177,180
1178,180
1179,180
1180,180
1181,180
1182,180
1183,180
1184,180
1185,180
1186,180
1187,180
1188,180
1189,180
1190,180
1191,180
1192,180
1193,180
1194,180
1195,180
1196,180
1197,180
1198,180
1199,180
1200,180
1201,180
1202,180
1203,180
1204,180
1205,180
1206,180
1207,180
1208,180
1209,180
1210,180
1211,180
1212,180
1213,180
1214,180
1215,180
1216,180
1217,180
1218,180
1219,180
1220,180
1221,180
1222,180
1223,180
1224,180
1225,180
1226,180
1227,180
1228,180
1229,180
1230,180
1231,180
1232,180
1233,180
1234,180
1235,180
1236,180
1237,180
1238,180
1239,180
1240,180
1241,180
1242,180
1243,180
1244,180
1245,180
1246,180
1247,180
1248,180
1249,180
1250,180
1251,180
1252,180
1253,180
1254,180
1255,180
1256,180
1257,180
1258,180
1259,180
1260,180
1261,180
1262,180
1263,180
1264,180
1265,180
1266,180
1267,180
1268,180
1269,180
1270,180
1271,180
1272,180
1273,180
1274,180
1275,180
1276,180
1277,180
1278,180
1279,180
1280,180
1281,180
1282,180
1283,180
1284,180
1285,180
1286,180
1287,180
1288,180
1289,180
1290,180
1291,180
1292,180
1293,180
1294,180
1295,180
1296,180
1297,180
1298,180
1299,180
1300,180
1301,180
1302,180
1303,180
1304,180
1305,180
1306,180
1307,180
1308,180
1309,180
1310,180
1311,180
1312,180
1313,180
1314,180
1315,180
1316,180
1317,180
1318,180
1319,180
1320,180
1321,180
1322,180
1323,180
1324,180
1325,180
1326,180
1327,180
1328,180
1329,180
1330,180
1331,180
1332,180
1333,180
1334,180
1335,180
1336,180
1337,180
1338,180
1339,180
1340,180
1341,180
1342,180
1343,180
1344,180
1345,180
1346,180
1347,180
1348,180
1349,180
1350,180
1351,180
1352,180
1353,180
1354,180
1355,180
1356,180
1357,180
1358,180
1359,180
1360,180
1361,180
1362,180
1363,180
1364,180
1365,180
1366,180
1367,180
1368,180
1369,180
1370,180
1371,180
1372,180
1373,180
1374,180
1375,180
1376,180
1377,180
1378,180
1379,180
1380,180
1381,180
1382,180
1383,180
1384,180
1385,180
1386,180
1387,180
1388,180
1389,180
1390,180
1391,180
1392,180
1393,180
1394,180
1395,180
1396,180
1397,180
1398,180
1399,180
1400,180
1401,180
1402,180
1403,180
1404,180
1405,180
1406,180
1407,180
1408,180
1409,180
1410,180
1411,180
1412,180
1413,180
1414,180
1415,180
1416,180
1417,180
1418,180
1419,180
1420,180
1421,180
1422,180
1423,180
1424,180
1425,180
1426,180
1427,180
1428,180
1429,180
1430,180
1431,180
1432,180
1433,180
1434,180
1435,180
1436,180
1437,180
1438,180
1439,180
1440,180
1441,180
1442,180
1443,180
1444,180
1445,180
1446,180
1447,180
1448,180
1449,180
1450,180
1451,180
1452,180
1453,180
1454,180
1455,180
1456,180
1457,180
1458,180
1459,180
1460,180
1461,180
1462,180
1463,180
1464,180
1465,180
1466,180
1467,180
1468,180
1469,180
1470,180
1471,180
1472,180
1473,180
1474,180
1475,180
1476,180
1477,180
1478,180
1479,180
1480,180
1481,180
1482,180
1483,180
1484,180
1485,180
1486,180
1487,180
1488,180
1489,180
1490,180
1491,180
1492,180
1493,180
1494,180
1495,180
1496,180
1497,180
1498,180
1499,180
1500,180
1501,180
1502,180
1503,180
1504,180
1505,180
1506,180
1507,180
1508,180
1509,180
1510,180
1511,180
1512,180
1513,180
1514,180
1515,180
1516,180
1517,180
1518,180
1519,180
1520,180
1521,180
1522,180
1523,180
1524,180
1525,180
1526,180
1527,180
1528,180
1529,180
1530,180
1531,180
1532,180
1533,180
1534,180
1535,180
1536,180
1537,180
1538,180
1539,180
1540,180
1541,180
1542,180
1543,180
1544,180
1545,180
1546,180
1547,180
1548,180
1549,180
1550,180
1551,180
1552,180
1553,180
1554,180
1555,180
1556,180
1557,180
1558,180
1559,180
1560,180
1561,180
1562,180
1563,180
1564,180
1565,180
1566,180
1567,180
1568,180
1569,180
1570,180
1571,180
1572,180
1573,180
1574,180
1575,180
1576,180
1577,180
1578,180
1579,180
1580,180
1581,180
1582,180
1583,180
1584,180
1585,180
1586,180
1587,180
1588,180
1589,180
1590,180
1591,180
1592,180
1593,180
1594,180
1595,180
1596,180
1597,180
1598,180
1599,180
1600,180
1601,180
1602,180
1603,180
1604,180
1605,180
1606,180
1607,180
1608,180
1609,180
1610,180
1611,180
1612,180
1613,180
1614,180
1615,180
1616,180
1617,180
1618,180
1619,180
1620,180
1621,180
1622,180
1623,180
1624,180
1625,180
1626,180
1627,180
1628,180
1629,180
1630,180
1631,180
1632,180
1633,180
1634,180
1635,180
1636,180
1637,180
1638,180
1639,180
1640,180
1641,180
1642,180
1643,180
1644,180
1645,180
1646,180
1647,180
1648,180
1649,180
1650,180
1651,180
1652,180
1653,180
1654,180
1655,180
1656,180
1657,180
1658,180
1659,180
1660,180
1661,180
1662,180
1663,180
1664,180
1665,180
1666,180
1667,180
1668,180
1669,180
1670,180
1671,180
1672,180
1673,180
1674,180
1675,180
1676,180
1677,180
1678,180
1679,180
1680,180
1681,180
1682,180
1683,180
1684,180
1685,180
1686,180
1687,180
1688,180
1689,180
1690,180
1691,180
1692,180
1693,180
1694,180
1695,180
1696,180
1697,180
1698,180
1699,180
1700,180
1701,180
1702,180
1703,180
1704,180
1705,180
1706,180
1707,180
1708,180
1709,180
1710,180
1711,180
1712,180
1713,180
1714,180
1715,180
1716,180
1717,180
1718,180
1719,180
1720,180
1721,180
1722,180
1723,180
1724,180
1725,180
1726,180
1727,180
1728,180
1729,180
1730,180
1731,180
1732,180
1733,180
1734,180
1735,180
1736,180
1737,180
1738,180
1739,180
1740,180
1741,180
1742,180
1743,180
1744,180
1745,180
1746,180
1747,180
1748,180
1749,180
1750,180
1751,180
1752,180
1753,180
1754,180
1755,180
1756,180
1757,180
1758,180
1759,180
1760,180
1761,180
1762,180
1763,180
1764,180
1765,180
1766,180
1767,180
1768,180
1769,180
1770,180
1771,180
1772,180
1773,180
1774,180
1775,180
1776,180
1777,180
1778,180
1779,180
1780,180
1781,180
1782,180
1783,180
1784,180
1785,180
1786,180
1787,180
1788,180
1789,180
1790,180
1791,180
1792,180
1793,180
1794,180
1795,180
1796,180
1797,180
1798,180
1799,180
1800,180
1801,180
1802,180
1803,180
1804,180
1805,180
1806,180
1807,180
1808,180
1809,180
1810,180
1811,180
1812,180
1813,180
1814,180
1815,180
1816,180
1817,180
1818,180
1819,180
1820,180
1821,180
1822,180
1823,180
1824,180
1825,180
1826,180
1827,180
1828,180
1829,180
1830,180
1831,180
1832,180
1833,180
1834,180
1835,180
1836,180
1837,180
1838,180
1839,180
1840,180
1841,180
1842,180
1843,180
1844,180
1845,180
1846,180
1847,180
1848,180
1849,180
1850,180
1851,180
1852,180
1853,180
1854,180
1855,180
1856,180
1857,180
1858,180
1859,180
1860,180
1861,180
1862,180
1863,180
1864,180
1865,180
1866,180
1867,180
1868,180
1869,180
1870,180
1871,180
1872,180
1873,180
1874,180
1875,180
1876,180
1877,180
1878,180
1879,180
1880,180
1881,180
1882,180
1883,180
1884,180
1885,180
1886,180
1887,180
1888,180
1889,180
1890,180
1891,180
1892,180
1893,180
1894,180
1895,180
1896,180
1897,180
1898,180
1899,180
1900,180
1901,180
1902,180
1903,180
1904,180
1905,180
1906,180
1907,180
1908,180
1909,180
1910,180
1911,180
1912,180
1913,180
1914,180
1915,180
1916,180
1917,180
1918,180
1919,180
1920,180
1921,180
1922,180
1923,180
1924,180
1925,180
1926,180
1927,180
1928,180
1929,180
1930,180
1931,180
1932,180
1933,180
1934,180
1935,180
1936,180
1937,180
1938,180
1939,180
1940,180
1941,180
1942,180
1943,180
1944,180
1945,180
1946,180
1947,180
1948,180
1949,180
1950,180
1951,180
1952,180
1953,180
1954,180
1955,180
1956,180
1957,180
1958,180
1959,180
1960,180
1961,180
1962,180
1963,180
1964,180
1965,180
1966,180
1967,180
1968,180
1969,180
1970,180
1971,180
1972,180
1973,180
1974,180
1975,180
1976,180
1977,180
1978,180
1979,180
1980,180
1981,180
1982,180
1983,180
1984,180
1985,180
1986,180
1987,180
1988,180
1989,180
1990,180
1991,180
1992,180
1993,180
1994,180
1995,180
1996,180
1997,180
1998,180
1999,180
2000,180
2001,180
2002,180
2003,180
2004,180
2005,180
2006,180
2007,180
2008,180
2009,180
2010,180
2011,180
2012,180
2013,180
2014,180
2015,180
2016,180
2017,180
2018,180
2019,180
2020,180
2021,180
2022,180
2023,180
2024,180
2025,180
2026,180
2027,180
2028,180
2029,180
2030,180
2031,180
2032,180
2033,180
2034,180
2035,180
2036,180
2037,180
2038,180
2039,180
2040,180
2041,180
2042,180
2043,180
2044,180
2045,180
2046,180
2047,180
2048,180
2049,180
2050,180
2051,180
2052,180
2053,180
2054,180
2055,180
2056,180
2057,180
2058,180
2059,180
2060,180
2061,180
2062,180
2063,180
2064,180
2065,180
2066,180
2067,180
2068,180
2069,180
2070,180
2071,180
2072,180
2073,180
2074,180
2075,180
2076,180
2077,180
2078,180
2079,180
2080,180
2081,180
2082,180
2083,180
2084,180
2085,180
2086,180
2087,180
2088,180
2089,180
2090,180
2091,180
2092,180
2093,180
2094,180
2095,180
2096,180
2097,180
2098,180
2099,180
2100,180
2101,180
2102,180
2103,180
2104,180
2105,180
2106,180
2107,180
2108,180
2109,180
2110,180
2111,180
2112,180
2113,180
2114,180
2115,180
2116,180
2117,180
2118,180
2119,180
2120,180
2121,180
2122,180
2123,180
2124,180
2125,180
2126,180
2127,180
2128,180
2129,180
2130,180
2131,180
2132,180
2133,180
2134,180
2135,180
2136,180
2137,180
2138,180
2139,180
2140,180
2141,180
2142,180
2143,180
2144,180
2145,180
2146,180
2147,180
2148,180
2149,180
2150,180
2151,180
2152,180
2153,180
2154,180
2155,180
2156,180
2157,180
2158,180
2159,180
2160,180
2161,180
2162,180
2163,180
2164,180
2165,180
2166,180
2167,180
2168,180
2169,180
2170,180
2171,180
2172,180
2173,180
2174,180
2175,180
2176,180
2177,180
2178,180
2179,180
2180,180
2181,180
2182,180
2183,180
2184,180
2185,180
2186,180
2187,180
2188,180
2189,180
2190,180
2191,180
2192,180
2193,180
2194,180
2195,180
2196,180
2197,180
2198,180
2199,180
2200,180
2201,180
2202,180
2203,180
2204,180
2205,180
2206,180
2207,180
2208,180
2209,180
2210,180
2211,180
2212,180
2213,180
2214,180
2215,180
2216,180
2217,180
2218,180
2219,180
2220,180
2221,180
2222,180
2223,180
2224,180
2225,180
2226,180
2227,180
2228,180
2229,180
2230,180
2231,180
2232,180
2233,180
2234,180
2235,180
2236,180
2237,180
2238,180
2239,180
2240,180
2241,180
2242,180
2243,180
2244,180
2245,180
2246,180
2247,180
2248,180
2249,180
2250,180
2251,180
2252,180
2253,180
2254,180
2255,180
2256,180
2257,180
2258,180
2259,180
2260,180
2261,180
2262,180
2263,180
2264,180
2265,180
2266,180
2267,180
2268,180
2269,180
2270,180
2271,180
2272,180
2273,180
2274,180
2275,180
2276,180
2277,180
2278,180
2279,180
2280,180
2281,180
2282,180
2283,180
2284,180
2285,180
2286,180
2287,180
2288,180
2289,180
2290,180
2291,180
2292,180
2293,180
2294,180
2295,180
2296,180
2297,180
2298,180
2299,180
2300,180
2301,180
2302,180
2303,180
2304,180
2305,180
2306,180
2307,180
2308,180
2309,180
2310,180
2311,180
2312,180
2313,180
2314,180
2315,180
2316,180
2317,180
2318,180
2319,180
2320,180
2321,180
2322,180
2323,180
2324,180
2325,180
2326,180
2327,180
2328,180
2329,180
2330,180
2331,180
2332,180
2333,180
2334,180
2335,180
2336,180
2337,180
2338,180
2339,180
2340,180
2341,180
2342,180
2343,180
2344,180
2345,180
2346,180
2347,180
2348,180
2349,180
2350,180
2351,180
2352,180
2353,180
2354,180
2355,180
2356,180
2357,180
2358,180
2359,180
2360,180
2361,180
2362,180
2363,180
2364,180
2365,180
2366,180
2367,180
2368,180
2369,180
2370,180
2371,180
2372,180
2373,180
2374,180
2375,180
2376,180
2377,180
2378,180
2379,180
2380,180
2381,180
2382,180
2383,180
2384,180
2385,180
2386,180
2387,180
2388,180
2389,180
2390,180
2391,180
2392,180
2393,180
2394,180
2395,180
2396,180
2397,180
2398,180
2399,180
2400,180
2401,180
2402,180
2403,180
2404,180
2405,180
2406,180
2407,180
2408,180
2409,180
2410,180
2411,180
2412,180
2413,180
2414,180
2415,180
2416,180
2417,180
2418,180
2419,180
2420,180
2421,180
2422,180
2423,180
2424,180
2425,180
2426,180
2427,180
2428,180
2429,180
2430,180
2431,180
2432,180
2433,180
2434,180
2435,180
2436,180
2437,180
2438,180
2439,180
2440,180
2441,180
2442,180
2443,180
2444,180
2445,180
2446,180
2447,180
2448,180
2449,180
2450,180
2451,180
2452,180
2453,180
2454,180
2455,180
2456,180
2457,180
2458,180
2459,180
2460,180
2461,180
2462,180
2463,180
2464,180
2465,180
2466,180
2467,180
2468,180
2469,180
2470,180
2471,180
2472,180
2473,180
2474,180
2475,180
2476,180
2477,180
2478,180
2479,180
2480,180
2481,180
2482,180
2483,180
2484,180
2485,180
2486,180
2487,180
2488,180
2489,180
2490,180
2491,180
2492,180
2493,180
2494,180
2495,180
2496,180
2497,180
2498,180
2499,180
2500,180
2501,180
2502,180
2503,180
2504,180
2505,180
2506,180
2507,180
2508,180
2509,180
2510,180
2511,180
2512,180
2513,180
2514,180
2515,180
2516,180
2517,180
2518,180
2519,180
2520,180
2521,180
2522,180
2523,180
2524,180
2525,180
2526,180
2527,180
2528,180
2529,180
2530,180
2531,180
2532,180
2533,180
2534,180
2535,180
2536,180
2537,180
2538,180
2539,180
2540,180
2541,180
2542,180
2543,180
2544,180
2545,180
2546,180
2547,180
2548,180
2549,180
2550,180
2551,180
2552,180
2553,180
2554,180
2555,180
2556,180
2557,180
2558,180
2559,180
2560,180
2561,180
2562,180
2563,180
2564,180
2565,180
2566,180
2567,180
2568,180
2569,180
2570,180
2571,180
2572,180
2573,180
2574,180
2575,180
2576,180
2577,180
2578,180
2579,180
2580,180
2581,180
2582,180
2583,180
2584,180
2585,180
2586,180
2587,180
2588,180
2589,180
2590,180
2591,180
2592,180
2593,180
2594,180
2595,180
2596,180
2597,180
2598,180
2599,180
2600,180
2601,180
2602,180
2603,180
2604,180
2605,180
2606,180
2607,180
2608,180
2609,180
2610,180
2611,180
2612,180
2613,180
2614,180
2615,180
2616,180
2617,180
2618,180
2619,180
2620,180
2621,180
2622,180
2623,180
2624,180
2625,180
2626,180
2627,180
2628,180
2629,180
2630,180
2631,180
2632,180
2633,180
2634,180
2635,180
2636,180
2637,180
2638,180
2639,180
2640,180
2641,180
2642,180
2643,180
2644,180
2645,180
2646,180
2647,180
2648,180
2649,180
2650,180
2651,180
2652,180
2653,180
2654,180
2655,180
2656,180
2657,180
2658,180
2659,180
2660,180
2661,180
2662,180
2663,180
2664,180
2665,180
2666,180
2667,180
2668,180
2669,180
2670,180
2671,180
2672,180
2673,180
2674,180
2675,180
2676,180
2677,180
2678,180
2679,180
2680,180
2681,180
2682,180
2683,180
2684,180
2685,180
2686,180
2687,180
2688,180
2689,180
2690,180
2691,180
2692,180
2693,180
2694,180
2695,180
2696,180
2697,180
2698,180
2699,180
2700,180
2701,180
2702,180
2703,180
2704,180
2705,180
2706,180
2707,180
2708,180
2709,180
2710,180
2711,180
2712,180
2713,180
2714,180
2715,180
2716,180
2717,180
2718,180
2719,180
2720,180
2721,180
2722,180
2723,180
2724,180
2725,180
2726,180
2727,180
2728,180
2729,180
2730,180
2731,180
2732,180
2733,180
2734,180
2735,180
2736,180
2737,180
2738,180
2739,180
2740,180
2741,180
2742,180
2743,180
2744,180
2745,180
2746,180
2747,180
2748,180
2749,180
2750,180
2751,180
2752,180
2753,180
2754,180
2755,180
2756,180
2757,180
2758,180
2759,180
2760,180
2761,180
2762,180
2763,180
2764,180
2765,180
2766,180
2767,180
2768,180
2769,180
2770,180
2771,180
2772,180
2773,180
2774,180
2775,180
2776,180
2777,180
2778,180
2779,180
2780,180
2781,180
2782,180
2783,180
2784,180
2785,180
2786,180
2787,180
2788,180
2789,180
2790,180
2791,180
2792,180
2793,180
2794,180
2795,180
2796,180
2797,180
2798,180
2799,180
2800,180
2801,180
2802,180
2803,180
2804,180
2805,180
2806,180
2807,180
2808,180
2809,180
2810,180
2811,180
2812,180
2813,180
2814,180
2815,180
2816,180
2817,180
2818,180
2819,180
2820,180
2821,180
2822,180
2823,180
2824,180
2825,180
2826,180
2827,180
2828,180
2829,180
2830,180
2831,180
2832,180
2833,180
2834,180
2835,180
2836,180
2837,180
2838,180
2839,180
2840,180
2841,180
2842,180
2843,180
2844,180
2845,180
2846,180
2847,180
2848,180
2849,180
2850,180
2851,180
2852,180
2853,180
2854,180
2855,180
2856,180
2857,180
2858,180
2859,180
2860,180
2861,180
2862,180
2863,180
2864,180
2865,180
2866,180
2867,180
2868,180
2869,180
2870,180
2871,180
2872,180
2873,180
2874,180
2875,180
2876,180
2877,180
2878,180
2879,180
2880,180
2881,180
2882,180
2883,180
2884,180
2885,180
2886,180
2887,180
2888,180
2889,180
2890,180
2891,180
2892,180
2893,180
2894,180
2895,180
2896,180
2897,180
2898,180
2899,180
2900,180
2901,180
2902,180
2903,180
2904,180
2905,180
2906,180
2907,180
2908,180
2909,180
2910,180
2911,180
2912,180
2913,180
2914,180
2915,180
2916,180
2917,180
2918,180
2919,180
2920,180
2921,180
2922,180
2923,180
2924,180
2925,180
2926,180
2927,180
2928,180
2929,180
2930,180
2931,180
2932,180
2933,180
2934,180
2935,180
2936,180
2937,180
2938,180
2939,180
2940,180
2941,180
2942,180
2943,180
2944,180
2945,180
2946,180
2947,180
2948,180
2949,180
2950,180
2951,180
2952,180
2953,180
2954,180
2955,180
2956,180
2957,180
2958,180
2959,180
2960,180
2961,180
2962,180
2963,180
2964,180
2965,180
2966,180
2967,180
2968,180
2969,180
2970,180
2971,180
2972,180
2973,180
2974,180
2975,180
2976,180
2977,180
2978,180
2979,180
2980,180
2981,180
2982,180
2983,180
2984,180
2985,180
2986,180
2987,180
2988,180
2989,180
2990,180
2991,180
2992,180
2993,180
2994,180
2995,180
2996,180
2997,180
2998,180
2999,180
3000,180
3001,180
3002,180
3003,180
3004,180
3005,180
3006,180
3007,180
3008,180
3009,180
3010,180
3011,180
3012,180
3013,180
3014,180
3015,180
3016,180
3017,180
3018,180
3019,180
3020,180
3021,180
3022,180
3023,180
3024,180
3025,180
3026,180
3027,180
3028,180
3029,180
3030,180
3031,180
3032,180
3033,180
3034,180
3035,180
3036,180
3037,180
3038,180
3039,180
3040,180
3041,180
3042,180
3043,180
3044,180
3045,180
3046,180
3047,180
3048,180
3049,180
3050,180
3051,180
3052,180
3053,180
3054,180
3055,180
3056,180
3057,180
3058,180
3059,180
3060,180
3061,180
3062,180
3063,180
3064,180
3065,180
3066,180
3067,180
3068,180
3069,180
3070,180
3071,180
3072,180
3073,180
3074,180
3075,180
3076,180
3077,180
3078,180
3079,180
3080,180
3081,180
3082,180
3083,180
3084,180
3085,180
3086,180
3087,180
3088,180
3089,180
3090,180
3091,180
3092,180
3093,180
3094,180
3095,180
3096,180
3097,180
3098,180
3099,180
3100,180
3101,180
3102,180
3103,180
3104,180
3105,180
3106,180
3107,180
3108,180
3109,180
3110,180
3111,180
3112,180
3113,180
3114,180
3115,180
3116,180
3117,180
3118,180
3119,180
3120,180
3121,180
3122,180
3123,180
3124,180
3125,180
3126,180
3127,180
3128,180
3129,180
3130,180
3131,180
3132,180
3133,180
3134,180
3135,180
3136,180
3137,180
3138,180
3139,180
3140,180
3141,180
3142,180
3143,180
3144,180
3145,180
3146,180
3147,180
3148,180
3149,180
3150,180
3151,180
3152,180
3153,180
3154,180
3155,180
3156,180
3157,180
3158,180
3159,180
3160,180
3161,180
3162,180
3163,180
3164,180
3165,180
3166,180
3167,180
3168,180
3169,180
3170,180
3171,180
3172,180
3173,180
3174,180
3175,180
3176,180
3177,180
3178,180
3179,180
3180,180
3181,180
3182,180
3183,180
3184,180
3185,180
3186,180
3187,180
3188,180
3189,180
3190,180
3191,180
3192,180
3193,180
3194,180
3195,180
3196,180
3197,180
3198,180
3199,180
3200,180
3201,180
3202,180
3203,180
3204,180
3205,180
3206,180
3207,180
3208,180
3209,180
3210,180
3211,180
3212,180
3213,180
3214,180
3215,180
3216,180
3217,180
3218,180
3219,180
3220,180
3221,180
3222,180
3223,180
3224,180
3225,180
3226,180
3227,180
3228,180
3229,180
3230,180
3231,180
3232,180
3233,180
3234,180
3235,180
3236,180
3237,180
3238,180
3239,180
3240,180
3241,180
3242,180
3243,180
3244,180
3245,180
3246,180
3247,180
3248,180
3249,180
3250,180
3251,180
3252,180
3253,180
3254,180
3255,180
3256,180
3257,180
3258,180
3259,180
3260,180
3261,180
3262,180
3263,180
3264,180
3265,180
3266,180
3267,180
3268,180
3269,180
3270,180
3271,180
3272,180
3273,180
3274,180
3275,180
3276,180
3277,180
3278,180
3279,180
3280,180
3281,180
3282,180
3283,180
3284,180
3285,180
3286,180
3287,180
3288,180
3289,180
3290,180
3291,180
3292,180
3293,180
3294,180
3295,180
3296,180
3297,180
3298,180
3299,180
3300,180
3301,180
3302,180
3303,180
3304,180
3305,180
3306,180
3307,180
3308,180
3309,180
3310,180
3311,180
3312,180
3313,180
3314,180
3315,180
3316,180
3317,180
3318,180
3319,180
3320,180
3321,180
3322,180
3323,180
3324,180
3325,180
3326,180
3327,180
3328,180
3329,180
3330,180
3331,180
3332,180
3333,180
3334,180
3335,180
3336,180
3337,180
3338,180
3339,180
3340,180
3341,180
3342,180
3343,180
3344,180
3345,180
3346,180
3347,180
3348,180
3349,180
3350,180
3351,180
3352,180
3353,180
3354,180
3355,180
3356,180
3357,180
3358,180
3359,180
3360,180
3361,180
3362,180
3363,180
3364,180
3365,180
3366,180
3367,180
3368,180
3369,180
3370,180
3371,180
3372,180
3373,180
3374,180
3375,180
3376,180
3377,180
3378,180
3379,180
3380,180
3381,180
3382,180
3383,180
3384,180
3385,180
3386,180
3387,180
3388,180
3389,180
3390,180
3391,180
3392,180
3393,180
3394,180
3395,180
3396,180
3397,180
3398,180
3399,180
3400,180
3401,180
3402,180
3403,180
3404,180
3405,180
3406,180
3407,180
3408,180
3409,180
3410,180
3411,180
3412,180
3413,180
3414,180
3415,180
3416,180
3417,180
3418,180
3419,180
3420,180
3421,180
3422,180
3423,180
3424,180
3425,180
3426,180
3427,180
3428,180
3429,180
3430,180
3431,180
3432,180
3433,180
3434,180
3435,180
3436,180
3437,180
3438,180
3439,180
3440,180
3441,180
3442,180
3443,180
3444,180
3445,180
3446,180
3447,180
3448,180
3449,180
3450,180
3451,180
3452,180
3453,180
3454,180
3455,180
3456,180
3457,180
3458,180
3459,180
3460,180
3461,180
3462,180
3463,180
3464,180
3465,180
3466,180
3467,180
3468,180
3469,180
3470,180
3471,180
3472,180
3473,180
3474,180
3475,180
3476,180
3477,180
3478,180
3479,180
3480,180
3481,180
3482,180
3483,180
3484,180
3485,180
3486,180
3487,180
3488,180
3489,180
3490,180
3491,180
3492,180
3493,180
3494,180
3495,180
3496,180
3497,180
3498,180
3499,180
3500,180
3501,180
3502,180
3503,180
3504,180
3505,180
3506,180
3507,180
3508,180
3509,180
3510,180
3511,180
3512,180
3513,180
3514,180
3515,180
3516,180
3517,180
3518,180
3519,180
3520,180
3521,180
3522,180
3523,180
3524,180
3525,180
3526,180
3527,180
3528,180
3529,180
3530,180
3531,180
3532,180
3533,180
3534,180
3535,180
3536,180
3537,180
3538,180
3539,180
3540,180
3541,180
3542,180
3543,180
3544,180
3545,180
3546,180
3547,180
3548,180
3549,180
3550,180
3551,180
3552,180
3553,180
3554,180
3555,180
3556,180
3557,180
3558,180
3559,180
3560,180
3561,180
3562,180
3563,180
3564,180
3565,180
3566,180
3567,180
3568,180
3569,180
3570,180
3571,180
3572,180
3573,180
3574,180
3575,180
3576,180
3577,180
3578,180
3579,180
3580,180
3581,180
3582,180
3583,180
3584,180
3585,180
3586,180
3587,180
3588,180
3589,180
3590,180
3591,180
3592,180
3593,180
3594,180
3595,180
3596,180
3597,180
3598,180
3599,180
3600,180
3601,180
3602,180
3603,180
3604,180
3605,180
3606,180
3607,180
3608,180
3609,180
3610,180
3611,180
3612,180
3613,180
3614,180
3615,180
3616,180
3617,180
3618,180
3619,180
3620,180
3621,180
3622,180
3623,180
3624,180
3625,180
3626,180
3627,180
3628,180
3629,180
3630,180
3631,180
3632,180
3633,180
3634,180
3635,180
3636,180
3637,180
3638,180
3639,180
3640,180
3641,180
3642,180
3643,180
3644,180
3645,180
3646,180
3647,180
3648,180
3649,180
3650,180
3651,180
3652,180
3653,180
3654,180
3655,180
3656,180
3657,180
3658,180
3659,180
3660,180
3661,180
3662,180
3663,180
3664,180
3665,180
3666,180
3667,180
3668,180
3669,180
3670,180
3671,180
3672,180
3673,180
3674,180
3675,180
3676,180
3677,180
3678,180
3679,180
3680,180
3681,180
3682,180
3683,180
3684,180
3685,180
3686,180
3687,180
3688,180
3689,180
3690,180
3691,180
3692,180
3693,180
3694,180
3695,180
3696,180
3697,180
3698,180
3699,180
3700,180
3701,180
3702,180
3703,180
3704,180
3705,180
3706,180
3707,180
3708,180
3709,180
3710,180
3711,180
3712,180
3713,180
3714,180
3715,180
3716,180
3717,180
3718,180
3719,180
3720,180
3721,180
3722,180
3723,180
3724,180
3725,180
3726,180
3727,180
3728,180
3729,180
3730,180
3731,180
3732,180
3733,180
3734,180
3735,180
3736,180
3737,180
3738,180
3739,180
3740,180
3741,180
3742,180
3743,180
3744,180
3745,180
3746,180
3747,180
3748,180
3749,180
3750,180
3751,180
3752,180
3753,180
3754,180
3755,180
3756,180
3757,180
3758,180
3759,180
3760,180
3761,180
3762,180
3763,180
3764,180
3765,180
3766,180
3767,180
3768,180
3769,180
3770,180
3771,180
3772,180
3773,180
3774,180
3775,180
3776,180
3777,180
3778,180
3779,180
3780,180
3781,180
3782,180
3783,180
3784,180
3785,180
3786,180
3787,180
3788,180
3789,180
3790,180
3791,180
3792,180
3793,180
3794,180
3795,180
3796,180
3797,180
3798,180
3799,180
3800,180
3801,180
3802,180
3803,180
3804,180
3805,180
3806,180
3807,180
3808,180
3809,180
3810,180
3811,180
3812,180
3813,180
3814,180
3815,180
3816,180
3817,180
3818,180
3819,180
3820,180
3821,180
3822,180
3823,180
3824,180
3825,180
3826,180
3827,180
3828,180
3829,180
3830,180
3831,180
3832,180
3833,180
3834,180
3835,180
3836,180
3837,180
3838,180
3839,180
3840,180
3841,180
3842,180
3843,180
3844,180
3845,180
3846,180
3847,180
3848,180
3849,180
3850,180
3851,180
3852,180
3853,180
3854,180
3855,180
3856,180
3857,180
3858,180
3859,180
3860,180
3861,180
3862,180
3863,180
3864,180
3865,180
3866,180
3867,180
3868,180
3869,180
3870,180
3871,180
3872,180
3873,180
3874,180
3875,180
3876,180
3877,180
3878,180
3879,180
3880,180
3881,180
3882,180
3883,180
3884,180
3885,180
3886,180
3887,180
3888,180
3889,180
3890,180
3891,180
3892,180
3893,180
3894,180
3895,180
3896,180
3897,180
3898,180
3899,180
3900,180
3901,180
3902,180
3903,180
3904,180
3905,180
3906,180
3907,180
3908,180
3909,180
3910,180
3911,180
3912,180
3913,180
3914,180
3915,180
3916,180
3917,180
3918,180
3919,180
3920,180
3921,180
3922,180
3923,180
3924,180
3925,180
3926,180
3927,180
3928,180
3929,180
3930,180
3931,180
3932,180
3933,180
3934,180
3935,180
3936,180
3937,180
3938,180
3939,180
3940,180
3941,180
3942,180
3943,180
3944,180
3945,180
3946,180
3947,180
3948,180
3949,180
3950,180
3951,180
3952,180
3953,180
3954,180
3955,180
3956,180
3957,180
3958,180
3959,180
3960,180
3961,180
3962,180
3963,180
3964,180
3965,180
3966,180
3967,180
3968,180
3969,180
3970,180
3971,180
3972,180
3973,180
3974,180
3975,180
3976,180
3977,180
3978,180
3979,180
3980,180
3981,180
3982,180
3983,180
3984,180
3985,180
3986,180
3987,180
3988,180
3989,180
3990,180
3991,180
3992,180
3993,180
3994,180
3995,180
3996,180
3997,180
3998,180
3999,180
4000,180
4001,180
4002,180
4003,180
4004,180
4005,180
4006,180
4007,180
4008,180
4009,180
4010,180
4011,180
4012,180
4013,180
4014,180
4015,180
4016,180
4017,180
4018,180
4019,180
4020,180
4021,180
4022,180
4023,180
4024,180
4025,180
4026,180
4027,180
4028,180
4029,180
4030,180
4031,180
4032,180
4033,180
4034,180
4035,180
4036,180
4037,180
4038,180
4039,180
4040,180
4041,180
4042,180
4043,180
4044,180
4045,180
4046,180
4047,180
4048,180
4049,180
4050,180
4051,180
4052,180
4053,180
4054,180
4055,180
4056,180
4057,180
4058,180
4059,180
4060,180
4061,180
4062,180
4063,180
4064,180
4065,180
4066,180
4067,180
4068,180
4069,180
4070,180
4071,180
4072,180
4073,180
4074,180
4075,180
4076,180
4077,180
4078,180
4079,180
4080,180
4081,180
4082,180
4083,180
4084,180
4085,180
4086,180
4087,180
4088,180
4089,180
4090,180
4091,180
4092,180
4093,180
4094,180
4095,180
4096,180
4097,180
4098,180
4099,180
4100,180
4101,180
4102,180
4103,180
4104,180
4105,180
4106,180
4107,180
4108,180
4109,180
4110,180
4111,180
4112,180
4113,180
4114,180
4115,180
4116,180
4117,180
4118,180
4119,180
4120,180
4121,180
4122,180
4123,180
4124,180
4125,180
4126,180
4127,180
4128,180
4129,180
4130,180
4131,180
4132,180
4133,180
4134,180
4135,180
4136,180
4137,180
4138,180
4139,180
4140,180
4141,180
4142,180
4143,180
4144,180
4145,180
4146,180
4147,180
4148,180
4149,180
4150,180
4151,180
4152,180
4153,180
4154,180
4155,180
4156,180
4157,180
4158,180
4159,180
4160,180
4161,180
4162,180
4163,180
4164,180
4165,180
4166,180
4167,180
4168,180
4169,180
4170,180
4171,180
4172,180
4173,180
4174,180
4175,180
4176,180
4177,180
4178,180
4179,180
4180,180
4181,180
4182,180
4183,180
4184,180
4185,180
4186,180
4187,180
4188,180
4189,180
4190,180
4191,180
4192,180
4193,180
4194,180
4195,180
4196,180
4197,180
4198,180
4199,180
4200,180
4201,180
4202,180
4203,180
4204,180
4205,180
4206,180
4207,180
4208,180
4209,180
4210,180
4211,180
4212,180
4213,180
4214,180
4215,180
4216,180
4217,180
4218,180
4219,180
4220,180
4221,180
4222,180
4223,180
4224,180
4225,180
4226,180
4227,180
4228,180
4229,180
4230,180
4231,180
4232,180
4233,180
4234,180
4235,180
4236,180
4237,180
4238,180
4239,180
4240,180
4241,180
4242,180
4243,180
4244,180
4245,180
4246,180
4247,180
4248,180
4249,180
4250,180
4251,180
4252,180
4253,180
4254,180
4255,180
4256,180
4257,180
4258,180
4259,180
4260,180
4261,180
4262,180
4263,180
4264,180
4265,180
4266,180
4267,180
4268,180
4269,180
4270,180
4271,180
4272,180
4273,180
4274,180
4275,180
4276,180
4277,180
4278,180
4279,180
4280,180
4281,180
4282,180
4283,180
4284,180
4285,180
4286,180
4287,180
4288,180
4289,180
4290,180
4291,180
4292,180
4293,180
4294,180
4295,180
4296,180
4297,180
4298,180
4299,180
4300,180
4301,180
4302,180
4303,180
4304,180
4305,180
4306,180
4307,180
4308,180
4309,180
4310,180
4311,180
4312,180
4313,180
4314,180
4315,180
4316,180
4317,180
4318,180
4319,180
4320,180
4321,180
4322,180
4323,180
4324,180
4325,180
4326,180
4327,180
4328,180
4329,180
4330,180
4331,180
4332,180
4333,180
4334,180
4335,180
4336,180
4337,180
4338,180
4339,180
4340,180
4341,180
4342,180
4343,180
4344,180
4345,180
4346,180
4347,180
4348,180
4349,180
4350,180
4351,180
4352,180
4353,180
4354,180
4355,180
4356,180
4357,180
4358,180
4359,180
4360,180
4361,180
4362,180
4363,180
4364,180
4365,180
4366,180
4367,180
4368,180
4369,180
4370,180
4371,180
4372,180
4373,180
4374,180
4375,180
4376,180
4377,180
4378,180
4379,180
4380,180
4381,180
4382,180
4383,180
4384,180
4385,180
4386,180
4387,180
4388,180
4389,180
4390,180
4391,180
4392,180
4393,180
4394,180
4395,180
4396,180
4397,180
4398,180
4399,180
4400,180
4401,180
4402,180
4403,180
4404,180
4405,180
4406,180
4407,180
4408,180
4409,180
4410,180
4411,180
4412,180
4413,180
4414,180
4415,180
4416,180
4417,180
4418,180
4419,180
4420,180
4421,180
4422,180
4423,180
4424,180
4425,180
4426,180
4427,180
4428,180
4429,180
4430,180
4431,180
4432,180
4433,180
4434,180
4435,180
4436,180
4437,180
4438,180
4439,180
4440,180
4441,180
4442,180
4443,180
4444,180
4445,180
4446,180
4447,180
4448,180
4449,180
4450,180
4451,180
4452,180
4453,180
4454,180
4455,180
4456,180
4457,180
4458,180
4459,180
4460,180
4461,180
4462,180
4463,180
4464,180
4465,180
4466,180
4467,180
4468,180
4469,180
4470,180
4471,180
4472,180
4473,180
4474,180
4475,180
4476,180
4477,180
4478,180
4479,180
4480,180
4481,180
4482,180
4483,180
4484,180
4485,180
4486,180
4487,180
4488,180
4489,180
4490,180
4491,180
4492,180
4493,180
4494,180
4495,180
4496,180
4497,180
4498,180
4499,180
4500,180
4501,180
4502,180
4503,180
4504,180
4505,180
4506,180
4507,180
4508,180
4509,180
4510,180
4511,180
4512,180
4513,180
4514,180
4515,180
4516,180
4517,180
4518,180
4519,180
4520,180
4521,180
4522,180
4523,180
4524,180
4525,180
4526,180
4527,180
4528,180
4529,180
4530,180
4531,180
4532,180
4533,180
4534,180
4535,180
4536,180
4537,180
4538,180
4539,180
4540,180
4541,180
4542,180
4543,180
4544,180
4545,180
4546,180
4547,180
4548,180
4549,180
4550,180
4551,180
4552,180
4553,180
4554,180
4555,180
4556,180
4557,180
4558,180
4559,180
4560,180
4561,180
4562,180
4563,180
4564,180
4565,180
4566,180
4567,180
4568,180
4569,180
4570,180
4571,180
4572,180
4573,180
4574,180
4575,180
4576,180
4577,180
4578,180
4579,180
4580,180
4581,180
4582,180
4583,180
4584,180
4585,180
4586,180
4587,180
4588,180
4589,180
4590,180
4591,180
4592,180
4593,180
4594,180
4595,180
4596,180
4597,180
4598,180
4599,180
4600,180
4601,180
4602,180
4603,180
4604,180
4605,180
4606,180
4607,180
4608,180
4609,180
4610,180
4611,180
4612,180
4613,180
4614,180
4615,180
4616,180
4617,180
4618,180
4619,180
4620,180
4621,180
4622,180
4623,180
4624,180
4625,180
4626,180
4627,180
4628,180
4629,180
4630,180
4631,180
4632,180
4633,180
4634,180
4635,180
4636,180
4637,180
4638,180
4639,180
4640,180
4641,180
4642,180
4643,180
4644,180
4645,180
4646,180
4647,180
4648,180
4649,180
4650,180
4651,180
4652,180
4653,180
4654,180
4655,180
4656,180
4657,180
4658,180
4659,180
4660,180
4661,180
4662,180
4663,180
4664,180
4665,180
4666,180
4667,180
4668,180
4669,180
4670,180
4671,180
4672,180
4673,180
4674,180
4675,180
4676,180
4677,180
4678,180
4679,180
4680,180
4681,180
4682,180
4683,180
4684,180
4685,180
4686,180
4687,180
4688,180
4689,180
4690,180
4691,180
4692,180
4693,180
4694,180
4695,180
4696,180
4697,180
4698,180
4699,180
4700,180
4701,180
4702,180
4703,180
4704,180
4705,180
4706,180
4707,180
4708,180
4709,180
4710,180
4711,180
4712,180
4713,180
4714,180
4715,180
4716,180
4717,180
4718,180
4719,180
4720,180
4721,180
4722,180
4723,180
4724,180
4725,180
4726,180
4727,180
4728,180
4729,180
4730,180
4731,180
4732,180
4733,180
4734,180
4735,180
4736,180
4737,180
4738,180
4739,180
4740,180
4741,180
4742,180
4743,180
4744,180
4745,180
4746,180
4747,180
4748,180
4749,180
4750,180
4751,180
4752,180
4753,180
4754,180
4755,180
4756,180
4757,180
4758,180
4759,180
4760,180
4761,180
4762,180
4763,180
4764,180
4765,180
4766,180
4767,180
4768,180
4769,180
4770,180
4771,180
4772,180
4773,180
4774,180
4775,180
4776,180
4777,180
4778,180
4779,180
4780,180
4781,180
4782,180
4783,180
4784,180
4785,180
4786,180
4787,180
4788,180
4789,180
4790,180
4791,180
4792,180
4793,180
4794,180
4795,180
4796,180
4797,180
4798,180
4799,180
4800,180
4801,180
4802,180
4803,180
4804,180
4805,180
4806,180
4807,180
4808,180
4809,180
4810,180
4811,180
4812,180
4813,180
4814,180
4815,180
4816,180
4817,180
4818,180
4819,180
4820,180
4821,180
4822,180
4823,180
4824,180
4825,180
4826,180
4827,180
4828,180
4829,180
4830,180
4831,180
4832,180
4833,180
4834,180
4835,180
4836,180
4837,180
4838,180
4839,180
4840,180
4841,180
4842,180
4843,180
4844,180
4845,180
4846,180
4847,180
4848,180
4849,180
4850,180
4851,180
4852,180
4853,180
4854,180
4855,180
4856,180
4857,180
4858,180
4859,180
4860,180
4861,180
4862,180
4863,180
4864,180
4865,180
4866,180
4867,180
4868,180
4869,180
4870,180
4871,180
4872,180
4873,180
4874,180
4875,180
4876,180
4877,180
4878,180
4879,180
4880,180
4881,180
4882,180
4883,180
4884,180
4885,180
4886,180
4887,180
4888,180
4889,180
4890,180
4891,180
4892,180
4893,180
4894,180
4895,180
4896,180
4897,180
4898,180
4899,180
4900,180
4901,180
4902,180
4903,180
4904,180
4905,180
4906,180
4907,180
4908,180
4909,180
4910,180
4911,180
4912,180
4913,180
4914,180
4915,180
4916,180
4917,180
4918,180
4919,180
4920,180
4921,180
4922,180
4923,180
4924,180
4925,180
4926,180
4927,180
4928,180
4929,180
4930,180
4931,180
4932,180
4933,180
4934,180
4935,180
4936,180
4937,180
4938,180
4939,180
4940,180
4941,180
4942,180
4943,180
4944,180
4945,180
4946,180
4947,180
4948,180
4949,180
4950,180
4951,180
4952,180
4953,180
4954,180
4955,180
4956,180
4957,180
4958,180
4959,180
4960,180
4961,180
4962,180
4963,180
4964,180
4965,180
4966,180
4967,180
4968,180
4969,180
4970,180
4971,180
4972,180
4973,180
4974,180
4975,180
4976,180
4977,180
4978,180
4979,180
4980,180
4981,180
4982,180
4983,180
4984,180
4985,180
4986,180
4987,180
4988,180
4989,180
4990,180
4991,180
4992,180
4993,180
4994,180
4995,180
4996,180
4997,180
4998,180
4999,180
5000,180
5001,180
5002,180
5003,180
5004,180
5005,180
5006,180
5007,180
5008,180
5009,180
5010,180
5011,180
5012,180
5013,180
5014,180
5015,180
5016,180
5017,180
5018,180
5019,180
5020,180
5021,180
5022,180
5023,180
5024,180
5025,180
5026,180
5027,180
5028,180
5029,180
5030,180
5031,180
5032,180
5033,180
5034,180
5035,180
5036,180
5037,180
5038,180
5039,180
5040,180
5041,180
5042,180
5043,180
5044,180
5045,180
5046,180
5047,180
5048,180
5049,180
5050,180
5051,180
5052,180
5053,180
5054,180
5055,180
5056,180
5057,180
5058,180
5059,180
5060,180
5061,180
5062,180
5063,180
5064,180
5065,180
5066,180
5067,180
5068,180
5069,180
5070,180
5071,180
5072,180
5073,180
5074,180
5075,180
5076,180
5077,180
5078,180
5079,180
5080,180
5081,180
5082,180
5083,180
5084,180
5085,180
5086,180
5087,180
5088,180
5089,180
5090,180
5091,180
5092,180
5093,180
5094,180
5095,180
5096,180
5097,180
5098,180
5099,180
5100,180
5101,180
5102,180
5103,180
5104,180
5105,180
5106,180
5107,180
5108,180
5109,180
5110,180
5111,180
5112,180
5113,180
5114,180
5115,180
5116,180
5117,180
5118,180
5119,180
5120,180
5121,180
5122,180
5123,180
5124,180
5125,180
5126,180
5127,180
5128,180
5129,180
5130,180
5131,180
5132,180
5133,180
5134,180
5135,180
5136,180
5137,180
5138,180
5139,180
5140,180
5141,180
5142,180
5143,180
5144,180
5145,180
5146,180
5147,180
5148,180
5149,180
5150,180
5151,180
5152,180
5153,180
5154,180
5155,180
5156,180
5157,180
5158,180
5159,180
5160,180
5161,180
5162,180
5163,180
5164,180
5165,180
5166,180
5167,180
5168,180
5169,180
5170,180
5171,180
5172,180
5173,180
5174,180
5175,180
5176,180
5177,180
5178,180
5179,180
5180,180
5181,180
5182,180
5183,180
5184,180
5185,180
5186,180
5187,180
5188,180
5189,180
5190,180
5191,180
5192,180
5193,180
5194,180
5195,180
5196,180
5197,180
5198,180
5199,180
5200,180
5201,180
5202,180
5203,180
5204,180
5205,180
5206,180
5207,180
5208,180
5209,180
5210,180
5211,180
5212,180
5213,180
5214,180
5215,180
5216,180
5217,180
5218,180
5219,180
5220,180
5221,180
5222,180
5223,180
5224,180
5225,180
5226,180
5227,180
5228,180
5229,180
5230,180
5231,180
5232,180
5233,180
5234,180
5235,180
5236,180
5237,180
5238,180
5239,180
5240,180
5241,180
5242,180
5243,180
5244,180
5245,180
5246,180
5247,180
5248,180
5249,180
5250,180
5251,180
5252,180
5253,180
5254,180
5255,180
5256,180
5257,180
5258,180
5259,180
5260,180
5261,180
5262,180
5263,180
5264,180
5265,180
5266,180
5267,180
5268,180
5269,180
5270,180
5271,180
5272,180
5273,180
5274,180
5275,180
5276,180
5277,180
5278,180
5279,180
5280,180
5281,180
5282,180
5283,180
5284,180
5285,180
5286,180
5287,180
5288,180
5289,180
5290,180
5291,180
5292,180
5293,180
5294,180
5295,180
5296,180
5297,180
5298,180
5299,180
5300,180
5301,180
5302,180
5303,180
5304,180
5305,180
5306,180
5307,180
5308,180
5309,180
5310,180
5311,180
5312,180
5313,180
5314,180
5315,180
5316,180
5317,180
5318,180
5319,180
5320,180
5321,180
5322,180
5323,180
5324,180
5325,180
5326,180
5327,180
5328,180
5329,180
5330,180
5331,180
5332,180
5333,180
5334,180
5335,180
5336,180
5337,180
5338,180
5339,180
5340,180
5341,180
5342,180
5343,180
5344,180
5345,180
5346,180
5347,180
5348,180
5349,180
5350,180
5351,180
5352,180
5353,180
5354,180
5355,180
5356,180
5357,180
5358,180
5359,180
5360,180
5361,180
5362,180
5363,180
5364,180
5365,180
5366,180
5367,180
5368,180
5369,180
5370,180
5371,180
5372,180
5373,180
5374,180
5375,180
5376,180
5377,180
5378,180
5379,180
5380,180
5381,180
5382,180
5383,180
5384,180
5385,180
5386,180
5387,180
5388,180
5389,180
5390,180
5391,180
5392,180
5393,180
5394,180
5395,180
5396,180
5397,180
5398,180
5399,180
5400,180
5401,180
5402,180
5403,180
5404,180
5405,180
5406,180
5407,180
5408,180
5409,180
5410,180
5411,180
5412,180
5413,180
5414,180
5415,180
5416,180
5417,180
5418,180
5419,180
5420,180
5421,180
5422,180
5423,180
5424,180
5425,180
5426,180
5427,180
5428,180
5429,180
5430,180
5431,180
5432,180
5433,180
5434,180
5435,180
5436,180
5437,180
5438,180
5439,180
5440,180
5441,180
5442,180
5443,180
5444,180
5445,180
5446,180
5447,180
5448,180
5449,180
5450,180
5451,180
5452,180
5453,180
5454,180
5455,180
5456,180
5457,180
5458,180
5459,180
5460,180
5461,180
5462,180
5463,180
5464,180
5465,180
5466,180
5467,180
5468,180
5469,180
5470,180
5471,180
5472,180
5473,180
5474,180
5475,180
5476,180
5477,180
5478,180
5479,180
5480,180
5481,180
5482,180
5483,180
5484,180
5485,180
5486,180
5487,180
5488,180
5489,180
5490,180
5491,180
5492,180
5493,180
5494,180
5495,180
5496,180
5497,180
5498,180
5499,180
5500,180
5501,180
5502,180
5503,180
5504,180
5505,180
5506,180
5507,180
5508,180
5509,180
5510,180
5511,180
5512,180
5513,180
5514,180
5515,180
5516,180
5517,180
5518,180
5519,180
5520,180
5521,180
5522,180
5523,180
5524,180
5525,180
5526,180
5527,180
5528,180
5529,180
5530,180
5531,180
5532,180
5533,180
5534,180
5535,180
5536,180
5537,180
5538,180
5539,180
5540,180
5541,180
5542,180
5543,180
5544,180
5545,180
5546,180
5547,180
5548,180
5549,180
5550,180
5551,180
5552,180
5553,180
5554,180
5555,180
5556,180
5557,180
5558,180
5559,180
5560,180
5561,180
5562,180
5563,180
5564,180
5565,180
5566,180
5567,180
5568,180
5569,180
5570,180
5571,180
5572,180
5573,180
5574,180
5575,180
5576,180
5577,180
5578,180
5579,180
5580,180
5581,180
5582,180
5583,180
5584,180
5585,180
5586,180
5587,180
5588,180
5589,180
5590,180
5591,180
5592,180
5593,180
5594,180
5595,180
5596,180
5597,180
5598,180
5599,180
5600,180
5601,180
5602,180
5603,180
5604,180
5605,180
5606,180
5607,180
5608,180
5609,180
5610,180
5611,180
5612,180
5613,180
5614,180
5615,180
5616,180
5617,180
5618,180
5619,180
5620,180
5621,180
5622,180
5623,180
5624,180
5625,180
5626,180
5627,180
5628,180
5629,180
5630,180
5631,180
5632,180
5633,180
5634,180
5635,180
5636,180
5637,180
5638,180
5639,180
5640,180
5641,180
5642,180
5643,180
5644,180
5645,180
5646,180
5647,180
5648,180
5649,180
5650,180
5651,180
5652,180
5653,180
5654,180
5655,180
5656,180
5657,180
5658,180
5659,180
5660,180
5661,180
5662,180
5663,180
5664,180
5665,180
5666,180
5667,180
5668,180
5669,180
5670,180
5671,180
5672,180
5673,180
5674,180
5675,180
5676,180
5677,180
5678,180
5679,180
5680,180
5681,180
5682,180
5683,180
5684,180
5685,180
5686,180
5687,180
5688,180
5689,180
5690,180
5691,180
5692,180
5693,180
5694,180
5695,180
5696,180
5697,180
5698,180
5699,180
5700,180
5701,180
5702,180
5703,180
5704,180
5705,180
5706,180
5707,180
5708,180
5709,180
5710,180
5711,180
5712,180
5713,180
5714,180
5715,180
5716,180
5717,180
5718,180
5719,180
5720,180
5721,180
5722,180
5723,180
5724,180
5725,180
5726,180
5727,180
5728,180
5729,180
5730,180
5731,180
5732,180
5733,180
5734,180
5735,180
5736,180
5737,180
5738,180
5739,180
5740,180
5741,180
5742,180
5743,180
5744,180
5745,180
5746,180
5747,180
5748,180
5749,180
5750,180
5751,180
5752,180
5753,180
5754,180
5755,180
5756,180
5757,180
5758,180
5759,180
5760,180
5761,180
5762,180
5763,180
5764,180
5765,180
5766,180
5767,180
5768,180
5769,180
5770,180
5771,180
5772,180
5773,180
5774,180
5775,180
5776,180
5777,180
5778,180
5779,180
5780,180
5781,180
5782,180
5783,180
5784,180
5785,180
5786,180
5787,180
5788,180
5789,180
5790,180
5791,180
5792,180
5793,180
5794,180
5795,180
5796,180
5797,180
5798,180
5799,180
5800,180
5801,180
5802,180
5803,180
5804,180
5805,180
5806,180
5807,180
5808,180
5809,180
5810,180
5811,180
5812,180
5813,180
5814,180
5815,180
5816,180
5817,180
5818,180
5819,180
5820,180
5821,180
5822,180
5823,180
5824,180
5825,180
5826,180
5827,180
5828,180
5829,180
5830,180
5831,180
5832,180
5833,180
5834,180
5835,180
5836,180
5837,180
5838,180
5839,180
5840,180
5841,180
5842,180
5843,180
5844,180
5845,180
5846,180
5847,180
5848,180
5849,180
5850,180
5851,180
5852,180
5853,180
5854,180
5855,180
5856,180
5857,180
5858,180
5859,180
5860,180
5861,180
5862,180
5863,180
5864,180
5865,180
5866,180
5867,180
5868,180
5869,180
5870,180
5871,180
5872,180
5873,180
5874,180
5875,180
5876,180
5877,180
5878,180
5879,180
5880,180
5881,180
5882,180
5883,180
5884,180
5885,180
5886,180
5887,180
5888,180
5889,180
5890,180
5891,180
5892,180
5893,180
5894,180
5895,180
5896,180
5897,180
5898,180
5899,180
5900,180
5901,180
5902,180
5903,180
5904,180
5905,180
5906,180
5907,180
5908,180
5909,180
5910,180
5911,180
5912,180
5913,180
5914,180
5915,180
5916,180
5917,180
5918,180
5919,180
5920,180
5921,180
5922,180
5923,180
5924,180
5925,180
5926,180
5927,180
5928,180
5929,180
5930,180
5931,180
5932,180
5933,180
5934,180
5935,180
5936,180
5937,180
5938,180
5939,180
5940,180
5941,180
5942,180
5943,180
5944,180
5945,180
5946,180
5947,180
5948,180
5949,180
5950,180
5951,180
5952,180
5953,180
5954,180
5955,180
5956,180
5957,180
5958,180
5959,180
5960,180
5961,180
5962,180
5963,180
5964,180
5965,180
5966,180
5967,180
5968,180
5969,180
5970,180
5971,180
5972,180
5973,180
5974,180
5975,180
5976,180
5977,180
5978,180
5979,180
5980,180
5981,180
5982,180
5983,180
5984,180
5985,180
5986,180
5987,180
5988,180
5989,180
5990,180
5991,180
5992,180
5993,180
5994,180
5995,180
5996,180
5997,180
5998,180
5999,180
6000,180
6001,180
6002,180
6003,180
6004,180
6005,180
6006,180
6007,180
6008,180
6009,180
6010,180
6011,180
6012,180
6013,180
6014,180
6015,180
6016,180
6017,180
6018,180
6019,180
6020,180
6021,180
6022,180
6023,180
6024,180
6025,180
6026,180
6027,180
6028,180
6029,180
6030,180
6031,180
6032,180
6033,180
6034,180
6035,180
6036,180
6037,180
6038,180
6039,180
6040,180
6041,180
6042,180
6043,180
6044,180
6045,180
6046,180
6047,180
6048,180
6049,180
6050,180
6051,180
6052,180
6053,180
6054,180
6055,180
6056,180
6057,180
6058,180
6059,180
6060,180
6061,180
6062,180
6063,180
6064,180
6065,180
6066,180
6067,180
6068,180
6069,180
6070,180
6071,180
6072,180
6073,180
6074,180
6075,180
6076,180
6077,180
6078,180
6079,180
6080,180
6081,180
6082,180
6083,180
6084,180
6085,180
6086,180
6087,180
6088,180
6089,180
6090,180
6091,180
6092,180
6093,180
6094,180
6095,180
6096,180
6097,180
6098,180
6099,180
6100,180
6101,180
6102,180
6103,180
6104,180
6105,180
6106,180
6107,180
6108,180
6109,180
6110,180
6111,180
6112,180
6113,180
6114,180
6115,180
6116,180
6117,180
6118,180
6119,180
6120,180
6121,180
6122,180
6123,180
6124,180
6125,180
6126,180
6127,180
6128,180
6129,180
6130,180
6131,180
6132,180
6133,180
6134,180
6135,180
6136,180
6137,180
6138,180
6139,180
6140,180
6141,180
6142,180
6143,180
6144,180
6145,180
6146,180
6147,180
6148,180
6149,180
6150,180
6151,180
6152,180
6153,180
6154,180
6155,180
6156,180
6157,180
6158,180
6159,180
6160,180
6161,180
6162,180
6163,180
6164,180
6165,180
6166,180
6167,180
6168,180
6169,180
6170,180
6171,180
6172,180
6173,180
6174,180
6175,180
6176,180
6177,180
6178,180
6179,180
6180,180
6181,180
6182,180
6183,180
6184,180
6185,180
6186,180
6187,180
6188,180
6189,180
6190,180
6191,180
6192,180
6193,180
6194,180
6195,180
6196,180
6197,180
6198,180
6199,180
6200,180
6201,180
6202,180
6203,180
6204,180
6205,180
6206,180
6207,180
6208,180
6209,180
6210,180
6211,180
6212,180
6213,180
6214,180
6215,180
6216,180
6217,180
6218,180
6219,180
6220,180
6221,180
6222,180
6223,180
6224,180
6225,180
6226,180
6227,180
6228,180
6229,180
6230,180
6231,180
6232,180
6233,180
6234,180
6235,180
6236,180
6237,180
6238,180
6239,180
6240,180
6241,180
6242,180
6243,180
6244,180
6245,180
6246,180
6247,180
6248,180
6249,180
6250,180
6251,180
6252,180
6253,180
6254,180
6255,180
6256,180
6257,180
6258,180
6259,180
6260,180
6261,180
6262,180
6263,180
6264,180
6265,180
6266,180
6267,180
6268,180
6269,180
6270,180
6271,180
6272,180
6273,180
6274,180
6275,180
6276,180
6277,180
6278,180
6279,180
6280,180
6281,180
6282,180
6283,180
6284,180
6285,180
6286,180
6287,180
6288,180
6289,180
6290,180
6291,180
6292,180
6293,180
6294,180
6295,180
6296,180
6297,180
6298,180
6299,180
6300,180
6301,180
6302,180
6303,180
6304,180
6305,180
6306,180
6307,180
6308,180
6309,180
6310,180
6311,180
6312,180
6313,180
6314,180
6315,180
6316,180
6317,180
6318,180
6319,180
6320,180
6321,180
6322,180
6323,180
6324,180
6325,180
6326,180
6327,180
6328,180
6329,180
6330,180
6331,180
6332,180
6333,180
6334,180
6335,180
6336,180
6337,180
6338,180
6339,180
6340,180
6341,180
6342,180
6343,180
6344,180
6345,180
6346,180
6347,180
6348,180
6349,180
6350,180
6351,180
6352,180
6353,180
6354,180
6355,180
6356,180
6357,180
6358,180
6359,180
6360,180
6361,180
6362,180
6363,180
6364,180
6365,180
6366,180
6367,180
6368,180
6369,180
6370,180
6371,180
6372,180
6373,180
6374,180
6375,180
6376,180
6377,180
6378,180
6379,180
6380,180
6381,180
6382,180
6383,180
6384,180
6385,180
6386,180
6387,180
6388,180
6389,180
6390,180
6391,180
6392,180
6393,180
6394,180
6395,180
6396,180
6397,180
6398,180
6399,180
6400,180
6401,180
6402,180
6403,180
6404,180
6405,180
6406,180
6407,180
6408,180
6409,180
6410,180
6411,180
6412,180
6413,180
6414,180
6415,180
6416,180
6417,180
6418,180
6419,180
6420,180
6421,180
6422,180
6423,180
6424,180
6425,180
6426,180
6427,180
6428,180
6429,180
6430,180
6431,180
6432,180
6433,180
6434,180
6435,180
6436,180
6437,180
6438,180
6439,180
6440,180
6441,180
6442,180
6443,180
6444,180
6445,180
6446,180
6447,180
6448,180
6449,180
6450,180
6451,180
6452,180
6453,180
6454,180
6455,180
6456,180
6457,180
6458,180
6459,180
6460,180
6461,180
6462,180
6463,180
6464,180
6465,180
6466,180
6467,180
6468,180
6469,180
6470,180
6471,180
6472,180
6473,180
6474,180
6475,180
6476,180
6477,180
6478,180
6479,180
6480,180
6481,180
6482,180
6483,180
6484,180
6485,180
6486,180
6487,180
6488,180
6489,180
6490,180
6491,180
6492,180
6493,180
6494,180
6495,180
6496,180
6497,180
6498,180
6499,180
6500,180
6501,180
6502,180
6503,180
6504,180
6505,180
6506,180
6507,180
6508,180
6509,180
6510,180
6511,180
6512,180
6513,180
6514,180
6515,180
6516,180
6517,180
6518,180
6519,180
6520,180
6521,180
6522,180
6523,180
6524,180
6525,180
6526,180
6527,180
6528,180
6529,180
6530,180
6531,180
6532,180
6533,180
6534,180
6535,180
6536,180
6537,180
6538,180
6539,180
6540,180
6541,180
6542,180
6543,180
6544,180
6545,180
6546,180
6547,180
6548,180
6549,180
6550,180
6551,180
6552,180
6553,180
6554,180
6555,180
6556,180
6557,180
6558,180
6559,180
6560,180
6561,180
6562,180
6563,180
6564,180
6565,180
6566,180
6567,180
6568,180
6569,180
6570,180
6571,180
6572,180
6573,180
6574,180
6575,180
6576,180
6577,180
6578,180
6579,180
6580,180
6581,180
6582,180
6583,180
6584,180
6585,180
6586,180
6587,180
6588,180
6589,180
6590,180
6591,180
6592,180
6593,180
6594,180
6595,180
6596,180
6597,180
6598,180
6599,180
6600,180
6601,180
6602,180
6603,180
6604,180
6605,180
6606,180
6607,180
6608,180
6609,180
6610,180
6611,180
6612,180
6613,180
6614,180
6615,180
6616,180
6617,180
6618,180
6619,180
6620,180
6621,180
6622,180
6623,180
6624,180
6625,180
6626,180
6627,180
6628,180
6629,180
6630,180
6631,180
6632,180
6633,180
6634,180
6635,180
6636,180
6637,180
6638,180
6639,180
6640,180
6641,180
6642,180
6643,180
6644,180
6645,180
6646,180
6647,180
6648,180
6649,180
6650,180
6651,180
6652,180
6653,180
6654,180
6655,180
6656,180
6657,180
6658,180
6659,180
6660,180
6661,180
6662,180
6663,180
6664,180
6665,180
6666,180
6667,180
6668,180
6669,180
6670,180
6671,180
6672,180
6673,180
6674,180
6675,180
6676,180
6677,180
6678,180
6679,180
6680,180
6681,180
6682,180
6683,180
6684,180
6685,180
6686,180
6687,180
6688,180
6689,180
6690,180
6691,180
6692,180
6693,180
6694,180
6695,180
6696,180
6697,180
6698,180
6699,180
6700,180
6701,180
6702,180
6703,180
6704,180
6705,180
6706,180
6707,180
6708,180
6709,180
6710,180
6711,180
6712,180
6713,180
6714,180
6715,180
6716,180
6717,180
6718,180
6719,180
6720,180
6721,180
6722,180
6723,180
6724,180
6725,180
6726,180
6727,180
6728,180
6729,180
6730,180
6731,180
6732,180
6733,180
6734,180
6735,180
6736,180
6737,180
6738,180
6739,180
6740,180
6741,180
6742,180
6743,180
6744,180
6745,180
6746,180
6747,180
6748,180
6749,180
6750,180
6751,180
6752,180
6753,180
6754,180
6755,180
6756,180
6757,180
6758,180
6759,180
6760,180
6761,180
6762,180
6763,180
6764,180
6765,180
6766,180
6767,180
6768,180
6769,180
6770,180
6771,180
6772,180
6773,180
6774,180
6775,180
6776,180
6777,180
6778,180
6779,180
6780,180
6781,180
6782,180
6783,180
6784,180
6785,180
6786,180
6787,180
6788,180
6789,180
6790,180
6791,180
6792,180
6793,180
6794,180
6795,180
6796,180
6797,180
6798,180
6799,180
6800,180
6801,180
6802,180
6803,180
6804,180
6805,180
6806,180
6807,180
6808,180
6809,180
6810,180
6811,180
6812,180
6813,180
6814,180
6815,180
6816,180
6817,180
6818,180
6819,180
6820,180
6821,180
6822,180
6823,180
6824,180
6825,180
6826,180
6827,180
6828,180
6829,180
6830,180
6831,180
6832,180
6833,180
6834,180
6835,180
6836,180
6837,180
6838,180
6839,180
6840,180
6841,180
6842,180
6843,180
6844,180
6845,180
6846,180
6847,180
6848,180
6849,180
6850,180
6851,180
6852,180
6853,180
6854,180
6855,180
6856,180
6857,180
6858,180
6859,180
6860,180
6861,180
6862,180
6863,180
6864,180
6865,180
6866,180
6867,180
6868,180
6869,180
6870,180
6871,180
6872,180
6873,180
6874,180
6875,180
6876,180
6877,180
6878,180
6879,180
6880,180
6881,180
6882,180
6883,180
6884,180
6885,180
6886,180
6887,180
6888,180
6889,180
6890,180
6891,180
6892,180
6893,180
6894,180
6895,180
6896,180
6897,180
6898,180
6899,180
6900,180
6901,180
6902,180
6903,180
6904,180
6905,180
6906,180
6907,180
6908,180
6909,180
6910,180
6911,180
6912,180
6913,180
6914,180
6915,180
6916,180
6917,180
6918,180
6919,180
6920,180
6921,180
6922,180
6923,180
6924,180
6925,180
6926,180
6927,180
6928,180
6929,180
6930,180
6931,180
6932,180
6933,180
6934,180
6935,180
6936,180
6937,180
6938,180
6939,180
6940,180
6941,180
6942,180
6943,180
6944,180
6945,180
6946,180
6947,180
6948,180
6949,180
6950,180
6951,180
6952,180
6953,180
6954,180
6955,180
6956,180
6957,180
6958,180
6959,180
6960,180
6961,180
6962,180
6963,180
6964,180
6965,180
6966,180
6967,180
6968,180
6969,180
6970,180
6971,180
6972,180
6973,180
6974,180
6975,180
6976,180
6977,180
6978,180
6979,180
6980,180
6981,180
6982,180
6983,180
6984,180
6985,180
6986,180
6987,180
6988,180
6989,180
6990,180
6991,180
6992,180
6993,180
6994,180
6995,180
6996,180
6997,180
6998,180
6999,180
7000,180
7001,180
7002,180
7003,180
7004,180
7005,180
7006,180
7007,180
7008,180
7009,180
7010,180
7011,180
7012,180
7013,180
7014,180
7015,180
7016,180
7017,180
7018,180
7019,180
7020,180
7021,180
7022,180
7023,180
7024,180
7025,180
7026,180
7027,180
7028,180
7029,180
7030,180
7031,180
7032,180
7033,180
7034,180
7035,180
7036,180
7037,180
7038,180
7039,180
7040,180
7041,180
7042,180
7043,180
7044,180
7045,180
7046,180
7047,180
7048,180
7049,180
7050,180
7051,180
7052,180
7053,180
7054,180
7055,180
7056,180
7057,180
7058,180
7059,180
7060,180
7061,180
7062,180
7063,180
7064,180
7065,180
7066,180
7067,180
7068,180
7069,180
7070,180
7071,180
7072,180
7073,180
7074,180
7075,180
7076,180
7077,180
7078,180
7079,180
7080,180
7081,180
7082,180
7083,180
7084,180
7085,180
7086,180
7087,180
7088,180
7089,180
7090,180
7091,180
7092,180
7093,180
7094,180
7095,180
7096,180
7097,180
7098,180
7099,180
7100,180
7101,180
7102,180
7103,180
7104,180
7105,180
7106,180
7107,180
7108,180
7109,180
7110,180
7111,180
7112,180
7113,180
7114,180
7115,180
7116,180
7117,180
7118,180
7119,180
7120,180
7121,180
7122,180
7123,180
7124,180
7125,180
7126,180
7127,180
7128,180
7129,180
7130,180
7131,180
7132,180
7133,180
7134,180
7135,180
7136,180
7137,180
7138,180
7139,180
7140,180
7141,180
7142,180
7143,180
7144,180
7145,180
7146,180
7147,180
7148,180
7149,180
7150,180
7151,180
7152,180
7153,180
7154,180
7155,180
7156,180
7157,180
7158,180
7159,180
7160,180
7161,180
7162,180
7163,180
7164,180
7165,180
7166,180
7167,180
7168,180
7169,180
7170,180
7171,180
7172,180
7173,180
7174,180
7175,180
7176,180
7177,180
7178,180
7179,180
7180,180
7181,180
7182,180
7183,180
7184,180
7185,180
7186,180
7187,180
7188,180
7189,180
7190,180
7191,180
7192,180
7193,180
7194,180
7195,180
7196,180
7197,180
7198,180
7199,180
7200,180
7201,180
7202,180
7203,180
7204,180
7205,180
7206,180
7207,180
7208,180
7209,180
7210,180
7211,180
7212,180
7213,180
7214,180
7215,180
7216,180
7217,180
7218,180
7219,180
7220,180
7221,180
7222,180
7223,180
7224,180
7225,180
7226,180
7227,180
7228,180
7229,180
7230,180
7231,180
7232,180
7233,180
7234,180
7235,180
7236,180
7237,180
7238,180
7239,180
7240,180
7241,180
7242,180
7243,180
7244,180
7245,180
7246,180
7247,180
7248,180
7249,180
7250,180
7251,180
7252,180
7253,180
7254,180
7255,180
7256,180
7257,180
7258,180
7259,180
7260,180
7261,180
7262,180
7263,180
7264,180
7265,180
7266,180
7267,180
7268,180
7269,180
7270,180
7271,180
7272,180
7273,180
7274,180
7275,180
7276,180
7277,180
7278,180
7279,180
7280,180
7281,180
7282,180
7283,180
7284,180
7285,180
7286,180
7287,180
7288,180
7289,180
7290,180
7291,180
7292,180
7293,180
7294,180
7295,180
7296,180
7297,180
7298,180
7299,180
7300,180
7301,180
7302,180
7303,180
7304,180
7305,180
7306,180
7307,180
7308,180
7309,180
7310,180
7311,180
7312,180
7313,180
7314,180
7315,180
7316,180
7317,180
7318,180
7319,180
7320,180
7321,180
7322,180
7323,180
7324,180
7325,180
7326,180
7327,180
7328,180
7329,180
7330,180
7331,180
7332,180
7333,180
7334,180
7335,180
7336,180
7337,180
7338,180
7339,180
7340,180
7341,180
7342,180
7343,180
7344,180
7345,180
7346,180
7347,180
7348,180
7349,180
7350,180
7351,180
7352,180
7353,180
7354,180
7355,180
7356,180
7357,180
7358,180
7359,180
7360,180
7361,180
7362,180
7363,180
7364,180
7365,180
7366,180
7367,180
7368,180
7369,180
7370,180
7371,180
7372,180
7373,180
7374,180
7375,180
7376,180
7377,180
7378,180
7379,180
7380,180
7381,180
7382,180
7383,180
7384,180
7385,180
7386,180
7387,180
7388,180
7389,180
7390,180
7391,180
7392,180
7393,180
7394,180
7395,180
7396,180
7397,180
7398,180
7399,180
7400,180
7401,180
7402,180
7403,180
7404,180
7405,180
7406,180
7407,180
7408,180
7409,180
7410,180
7411,180
7412,180
7413,180
7414,180
7415,180
7416,180
7417,180
7418,180
7419,180
7420,180
7421,180
7422,180
7423,180
7424,180
7425,180
7426,180
7427,180
7428,180
7429,180
7430,180
7431,180
7432,180
7433,180
7434,180
7435,180
7436,180
7437,180
7438,180
7439,180
7440,180
7441,180
7442,180
7443,180
7444,180
7445,180
7446,180
7447,180
7448,180
7449,180
7450,180
7451,180
7452,180
7453,180
7454,180
7455,180
7456,180
7457,180
7458,180
7459,180
7460,180
7461,180
7462,180
7463,180
7464,180
7465,180
7466,180
7467,180
7468,180
7469,180
7470,180
7471,180
7472,180
7473,180
7474,180
7475,180
7476,180
7477,180
7478,180
7479,180
7480,180
7481,180
7482,180
7483,180
7484,180
7485,180
7486,180
7487,180
7488,180
7489,180
7490,180
7491,180
7492,180
7493,180
7494,180
7495,180
7496,180
7497,180
7498,180
7499,180
7500,180
7501,180
7502,180
7503,180
7504,180
7505,180
7506,180
7507,180
7508,180
7509,180
7510,180
7511,180
7512,180
7513,180
7514,180
7515,180
7516,180
7517,180
7518,180
7519,180
7520,180
7521,180
7522,180
7523,180
7524,180
7525,180
7526,180
7527,180
7528,180
7529,180
7530,180
7531,180
7532,180
7533,180
7534,180
7535,180
7536,180
7537,180
7538,180
7539,180
7540,180
7541,180
7542,180
7543,180
7544,180
7545,180
7546,180
7547,180
7548,180
7549,180
7550,180
7551,180
7552,180
7553,180
7554,180
7555,180
7556,180
7557,180
7558,180
7559,180
7560,180
7561,180
7562,180
7563,180
7564,180
7565,180
7566,180
7567,180
7568,180
7569,180
7570,180
7571,180
7572,180
7573,180
7574,180
7575,180
7576,180
7577,180
7578,180
7579,180
7580,180
7581,180
7582,180
7583,180
7584,180
7585,180
7586,180
7587,180
7588,180
7589,180
7590,180
7591,180
7592,180
7593,180
7594,180
7595,180
7596,180
7597,180
7598,180
7599,180
7600,180
7601,180
7602,180
7603,180
7604,180
7605,180
7606,180
7607,180
7608,180
7609,180
7610,180
7611,180
7612,180
7613,180
7614,180
7615,180
7616,180
7617,180
7618,180
7619,180
7620,180
7621,180
7622,180
7623,180
7624,180
7625,180
7626,180
7627,180
7628,180
7629,180
7630,180
7631,180
7632,180
7633,180
7634,180
7635,180
7636,180
7637,180
7638,180
7639,180
7640,180
7641,180
7642,180
7643,180
7644,180
7645,180
7646,180
7647,180
7648,180
7649,180
7650,180
7651,180
7652,180
7653,180
7654,180
7655,180
7656,180
7657,180
7658,180
7659,180
7660,180
7661,180
7662,180
7663,180
7664,180
7665,180
7666,180
7667,180
7668,180
7669,180
7670,180
7671,180
7672,180
7673,180
7674,180
7675,180
7676,180
7677,180
7678,180
7679,180
7680,180
7681,180
7682,180
7683,180
7684,180
7685,180
7686,180
7687,180
7688,180
7689,180
7690,180
7691,180
7692,180
7693,180
7694,180
7695,180
7696,180
7697,180
7698,180
7699,180
7700,180
7701,180
7702,180
7703,180
7704,180
7705,180
7706,180
7707,180
7708,180
7709,180
7710,180
7711,180
7712,180
7713,180
7714,180
7715,180
7716,180
7717,180
7718,180
7719,180
7720,180
7721,180
7722,180
7723,180
7724,180
7725,180
7726,180
7727,180
7728,180
7729,180
7730,180
7731,180
7732,180
7733,180
7734,180
7735,180
7736,180
7737,180
7738,180
7739,180
7740,180
7741,180
7742,180
7743,180
7744,180
7745,180
7746,180
7747,180
7748,180
7749,180
7750,180
7751,180
7752,180
7753,180
7754,180
7755,180
7756,180
7757,180
7758,180
7759,180
7760,180
7761,180
7762,180
7763,180
7764,180
7765,180
7766,180
7767,180
7768,180
7769,180
7770,180
7771,180
7772,180
7773,180
7774,180
7775,180
7776,180
7777,180
7778,180
7779,180
7780,180
7781,180
7782,180
7783,180
7784,180
7785,180
7786,180
7787,180
7788,180
7789,180
7790,180
7791,180
7792,180
7793,180
7794,180
7795,180
7796,180
7797,180
7798,180
7799,180
7800,180
7801,180
7802,180
7803,180
7804,180
7805,180
7806,180
7807,180
7808,180
7809,180
7810,180
7811,180
7812,180
7813,180
7814,180
7815,180
7816,180
7817,180
7818,180
7819,180
7820,180
7821,180
7822,180
7823,180
7824,180
7825,180
7826,180
7827,180
7828,180
7829,180
7830,180
7831,180
7832,180
7833,180
7834,180
7835,180
7836,180
7837,180
7838,180
7839,180
7840,180
7841,180
7842,180
7843,180
7844,180
7845,180
7846,180
7847,180
7848,180
7849,180
7850,180
7851,180
7852,180
7853,180
7854,180
7855,180
7856,180
7857,180
7858,180
7859,180
7860,180
7861,180
7862,180
7863,180
7864,180
7865,180
7866,180
7867,180
7868,180
7869,180
7870,180
7871,180
7872,180
7873,180
7874,180
7875,180
7876,180
7877,180
7878,180
7879,180
7880,180
7881,180
7882,180
7883,180
7884,180
7885,180
7886,180
7887,180
7888,180
7889,180
7890,180
7891,180
7892,180
7893,180
7894,180
7895,180
7896,180
7897,180
7898,180
7899,180
7900,180
7901,180
7902,180
7903,180
7904,180
7905,180
7906,180
7907,180
7908,180
7909,180
7910,180
7911,180
7912,180
7913,180
7914,180
7915,180
7916,180
7917,180
7918,180
7919,180
7920,180
7921,180
7922,180
7923,180
7924,180
7925,180
7926,180
7927,180
7928,180
7929,180
7930,180
7931,180
7932,180
7933,180
7934,180
7935,180
7936,180
7937,180
7938,180
7939,180
7940,180
7941,180
7942,180
7943,180
7944,180
7945,180
7946,180
7947,180
7948,180
7949,180
7950,180
7951,180
7952,180
7953,180
7954,180
7955,180
7956,180
7957,180
7958,180
7959,180
7960,180
7961,180
7962,180
7963,180
7964,180
7965,180
7966,180
7967,180
7968,180
7969,180
7970,180
7971,180
7972,180
7973,180
7974,180
7975,180
7976,180
7977,180
7978,180
7979,180
7980,180
7981,180
7982,180
7983,180
7984,180
7985,180
7986,180
7987,180
7988,180
7989,180
7990,180
7991,180
7992,180
7993,180
7994,180
7995,180
7996,180
7997,180
7998,180
7999,180
8000,180
8001,180
8002,180
8003,180
8004,180
8005,180
8006,180
8007,180
8008,180
8009,180
8010,180
8011,180
8012,180
8013,180
8014,180
8015,180
8016,180
8017,180
8018,180
8019,180
8020,180
8021,180
8022,180
8023,180
8024,180
8025,180
8026,180
8027,180
8028,180
8029,180
8030,180
8031,180
8032,180
8033,180
8034,180
8035,180
8036,180
8037,180
8038,180
8039,180
8040,180
8041,180
8042,180
8043,180
8044,180
8045,180
8046,180
8047,180
8048,180
8049,180
8050,180
8051,180
8052,180
8053,180
8054,180
8055,180
8056,180
8057,180
8058,180
8059,180
8060,180
8061,180
8062,180
8063,180
8064,180
8065,180
8066,180
8067,180
8068,180
8069,180
8070,180
8071,180
8072,180
8073,180
8074,180
8075,180
8076,180
8077,180
8078,180
8079,180
8080,180
8081,180
8082,180
8083,180
8084,180
8085,180
8086,180
8087,180
8088,180
8089,180
8090,180
8091,180
8092,180
8093,180
8094,180
8095,180
8096,180
8097,180
8098,180
8099,180
8100,180
8101,180
8102,180
8103,180
8104,180
8105,180
8106,180
8107,180
8108,180
8109,180
8110,180
8111,180
8112,180
8113,180
8114,180
8115,180
8116,180
8117,180
8118,180
8119,180
8120,180
8121,180
8122,180
8123,180
8124,180
8125,180
8126,180
8127,180
8128,180
8129,180
8130,180
8131,180
8132,180
8133,180
8134,180
8135,180
8136,180
8137,180
8138,180
8139,180
8140,180
8141,180
8142,180
8143,180
8144,180
8145,180
8146,180
8147,180
8148,180
8149,180
8150,180
8151,180
8152,180
8153,180
8154,180
8155,180
8156,180
8157,180
8158,180
8159,180
8160,180
8161,180
8162,180
8163,180
8164,180
8165,180
8166,180
8167,180
8168,180
8169,180
8170,180
8171,180
8172,180
8173,180
8174,180
8175,180
8176,180
8177,180
8178,180
8179,180
8180,180
8181,180
8182,180
8183,180
8184,180
8185,180
8186,180
8187,180
8188,180
8189,180
8190,180
8191,180
8192,180
8193,180
8194,180
8195,180
8196,180
8197,180
8198,180
8199,180
8200,180
8201,180
8202,180
8203,180
8204,180
8205,180
8206,180
8207,180
8208,180
8209,180
8210,180
8211,180
8212,180
8213,180
8214,180
8215,180
8216,180
8217,180
8218,180
8219,180
8220,180
8221,180
8222,180
8223,180
8224,180
8225,180
8226,180
8227,180
8228,180
8229,180
8230,180
8231,180
8232,180
8233,180
8234,180
8235,180
8236,180
8237,180
8238,180
8239,180
8240,180
8241,180
8242,180
8243,180
8244,180
8245,180
8246,180
8247,180
8248,180
8249,180
8250,180
8251,180
8252,180
8253,180
8254,180
8255,180
8256,180
8257,180
8258,180
8259,180
8260,180
8261,180
8262,180
8263,180
8264,180
8265,180
8266,180
8267,180
8268,180
8269,180
8270,180
8271,180
8272,180
8273,180
8274,180
8275,180
8276,180
8277,180
8278,180
8279,180
8280,180
8281,180
8282,180
8283,180
8284,180
8285,180
8286,180
8287,180
8288,180
8289,180
8290,180
8291,180
8292,180
8293,180
8294,180
8295,180
8296,180
8297,180
8298,180
8299,180
8300,180
8301,180
8302,180
8303,180
8304,180
8305,180
8306,180
8307,180
8308,180
8309,180
8310,180
8311,180
8312,180
8313,180
8314,180
8315,180
8316,180
8317,180
8318,180
8319,180
8320,180
8321,180
8322,180
8323,180
8324,180
8325,180
8326,180
8327,180
8328,180
8329,180
8330,180
8331,180
8332,180
8333,180
8334,180
8335,180
8336,180
8337,180
8338,180
8339,180
8340,180
8341,180
8342,180
8343,180
8344,180
8345,180
8346,180
8347,180
8348,180
8349,180
8350,180
8351,180
8352,180
8353,180
8354,180
8355,180
8356,180
8357,180
8358,180
8359,180
8360,180
8361,180
8362,180
8363,180
8364,180
8365,180
8366,180
8367,180
8368,180
8369,180
8370,180
8371,180
8372,180
8373,180
8374,180
8375,180
8376,180
8377,180
8378,180
8379,180
8380,180
8381,180
8382,180
8383,180
8384,180
8385,180
8386,180
8387,180
8388,180
8389,180
8390,180
8391,180
8392,180
8393,180
8394,180
8395,180
8396,180
8397,180
8398,180
8399,180
8400,180
8401,180
8402,180
8403,180
8404,180
8405,180
8406,180
8407,180
8408,180
8409,180
8410,180
8411,180
8412,180
8413,180
8414,180
8415,180
8416,180
8417,180
8418,180
8419,180
8420,180
8421,180
8422,180
8423,180
8424,180
8425,180
8426,180
8427,180
8428,180
8429,180
8430,180
8431,180
8432,180
8433,180
8434,180
8435,180
8436,180
8437,180
8438,180
8439,180
8440,180
8441,180
8442,180
8443,180
8444,180
8445,180
8446,180
8447,180
8448,180
8449,180
8450,180
8451,180
8452,180
8453,180
8454,180
8455,180
8456,180
8457,180
8458,180
8459,180
8460,180
8461,180
8462,180
8463,180
8464,180
8465,180
8466,180
8467,180
8468,180
8469,180
8470,180
8471,180
8472,180
8473,180
8474,180
8475,180
8476,180
8477,180
8478,180
8479,180
8480,180
8481,180
8482,180
8483,180
8484,180
8485,180
8486,180
8487,180
8488,180
8489,180
8490,180
8491,180
8492,180
8493,180
8494,180
8495,180
8496,180
8497,180
8498,180
8499,180
8500,180
8501,180
8502,180
8503,180
8504,180
8505,180
8506,180
8507,180
8508,180
8509,180
8510,180
8511,180
8512,180
8513,180
8514,180
8515,180
8516,180
8517,180
8518,180
8519,180
8520,180
8521,180
8522,180
8523,180
8524,180
8525,180
8526,180
8527,180
8528,180
8529,180
8530,180
8531,180
8532,180
8533,180
8534,180
8535,180
8536,180
8537,180
8538,180
8539,180
8540,180
8541,180
8542,180
8543,180
8544,180
8545,180
8546,180
8547,180
8548,180
8549,180
8550,180
8551,180
8552,180
8553,180
8554,180
8555,180
8556,180
8557,180
8558,180
8559,180
8560,180
8561,180
8562,180
8563,180
8564,180
8565,180
8566,180
8567,180
8568,180
8569,180
8570,180
8571,180
8572,180
8573,180
8574,180
8575,180
8576,180
8577,180
8578,180
8579,180
8580,180
8581,180
8582,180
8583,180
8584,180
8585,180
8586,180
8587,180
8588,180
8589,180
8590,180
8591,180
8592,180
8593,180
8594,180
8595,180
8596,180
8597,180
8598,180
8599,180
8600,180
8601,180
8602,180
8603,180
8604,180
8605,180
8606,180
8607,180
8608,180
8609,180
8610,180
8611,180
8612,180
8613,180
8614,180
8615,180
8616,180
8617,180
8618,180
8619,180
8620,180
8621,180
8622,180
8623,180
8624,180
8625,180
8626,180
8627,180
8628,180
8629,180
8630,180
8631,180
8632,180
8633,180
8634,180
8635,180
8636,180
8637,180
8638,180
8639,180
8640,180
8641,180
8642,180
8643,180
8644,180
8645,180
8646,180
8647,180
8648,180
8649,180
8650,180
8651,180
8652,180
8653,180
8654,180
8655,180
8656,180
8657,180
8658,180
8659,180
8660,180
8661,180
8662,180
8663,180
8664,180
8665,180
8666,180
8667,180
8668,180
8669,180
8670,180
8671,180
8672,180
8673,180
8674,180
8675,180
8676,180
8677,180
8678,180
8679,180
8680,180
8681,180
8682,180
8683,180
8684,180
8685,180
8686,180
8687,180
8688,180
8689,180
8690,180
8691,180
8692,180
8693,180
8694,180
8695,180
8696,180
8697,180
8698,180
8699,180
8700,180
8701,180
8702,180
8703,180
8704,180
8705,180
8706,180
8707,180
8708,180
8709,180
8710,180
8711,180
8712,180
8713,180
8714,180
8715,180
8716,180
8717,180
8718,180
8719,180
8720,180
8721,180
8722,180
8723,180
8724,180
8725,180
8726,180
8727,180
8728,180
8729,180
8730,180
8731,180
8732,180
8733,180
8734,180
8735,180
8736,180
8737,180
8738,180
8739,180
8740,180
8741,180
8742,180
8743,180
8744,180
8745,180
8746,180
8747,180
8748,180
8749,180
8750,180
8751,180
8752,180
8753,180
8754,180
8755,180
8756,180
8757,180
8758,180
8759,180
8760,180
8761,180
8762,180
8763,180
8764,180
8765,180
8766,180
8767,180
8768,180
8769,180
8770,180
8771,180
8772,180
8773,180
8774,180
8775,180
8776,180
8777,180
8778,180
8779,180
8780,180
8781,180
8782,180
8783,180
8784,180
8785,180
8786,180
8787,180
8788,180
8789,180
8790,180
8791,180
8792,180
8793,180
8794,180
8795,180
8796,180
8797,180
8798,180
8799,180
8800,180
8801,180
8802,180
8803,180
8804,180
8805,180
8806,180
8807,180
8808,180
8809,180
8810,180
8811,180
8812,180
8813,180
8814,180
8815,180
8816,180
8817,180
8818,180
8819,180
8820,180
8821,180
8822,180
8823,180
8824,180
8825,180
8826,180
8827,180
8828,180
8829,180
8830,180
8831,180
8832,180
8833,180
8834,180
8835,180
8836,180
8837,180
8838,180
8839,180
8840,180
8841,180
8842,180
8843,180
8844,180
8845,180
8846,180
8847,180
8848,180
8849,180
8850,180
8851,180
8852,180
8853,180
8854,180
8855,180
8856,180
8857,180
8858,180
8859,180
8860,180
8861,180
8862,180
8863,180
8864,180
8865,180
8866,180
8867,180
8868,180
8869,180
8870,180
8871,180
8872,180
8873,180
8874,180
8875,180
8876,180
8877,180
8878,180
8879,180
8880,180
8881,180
8882,180
8883,180
8884,180
8885,180
8886,180
8887,180
8888,180
8889,180
8890,180
8891,180
8892,180
8893,180
8894,180
8895,180
8896,180
8897,180
8898,180
8899,180
8900,180
8901,180
8902,180
8903,180
8904,180
8905,180
8906,180
8907,180
8908,180
8909,180
8910,180
8911,180
8912,180
8913,180
8914,180
8915,180
8916,180
8917,180
8918,180
8919,180
8920,180
8921,180
8922,180
8923,180
8924,180
8925,180
8926,180
8927,180
8928,180
8929,180
8930,180
8931,180
8932,180
8933,180
8934,180
8935,180
8936,180
8937,180
8938,180
8939,180
8940,180
8941,180
8942,180
8943,180
8944,180
8945,180
8946,180
8947,180
8948,180
8949,180
8950,180
8951,180
8952,180
8953,180
8954,180
8955,180
8956,180
8957,180
8958,180
8959,180
8960,180
8961,180
8962,180
8963,180
8964,180
8965,180
8966,180
8967,180
8968,180
8969,180
8970,180
8971,180
8972,180
8973,180
8974,180
8975,180
8976,180
8977,180
8978,180
8979,180
8980,180
8981,180
8982,180
8983,180
8984,180
8985,180
8986,180
8987,180
8988,180
8989,180
8990,180
8991,180
8992,180
8993,180
8994,180
8995,180
8996,180
8997,180
8998,180
8999,180
9000,180
9001,180
9002,180
9003,180
9004,180
9005,180
9006,180
9007,180
9008,180
9009,180
9010,180
9011,180
9012,180
9013,180
9014,180
9015,180
9016,180
9017,180
9018,180
9019,180
9020,180
9021,180
9022,180
9023,180
9024,180
9025,180
9026,180
9027,180
9028,180
9029,180
9030,180
9031,180
9032,180
9033,180
9034,180
9035,180
9036,180
9037,180
9038,180
9039,180
9040,180
9041,180
9042,180
9043,180
9044,180
9045,180
9046,180
9047,180
9048,180
9049,180
9050,180
9051,180
9052,180
9053,180
9054,180
9055,180
9056,180
9057,180
9058,180
9059,180
9060,180
9061,180
9062,180
9063,180
9064,180
9065,180
9066,180
9067,180
9068,180
9069,180
9070,180
9071,180
9072,180
9073,180
9074,180
9075,180
9076,180
9077,180
9078,180
9079,180
9080,180
9081,180
9082,180
9083,180
9084,180
9085,180
9086,180
9087,180
9088,180
9089,180
9090,180
9091,180
9092,180
9093,180
9094,180
9095,180
9096,180
9097,180
9098,180
9099,180
9100,180
9101,180
9102,180
9103,180
9104,180
9105,180
9106,180
9107,180
9108,180
9109,180
9110,180
9111,180
9112,180
9113,180
9114,180
9115,180
9116,180
9117,180
9118,180
9119,180
9120,180
9121,180
9122,180
9123,180
9124,180
9125,180
9126,180
9127,180
9128,180
9129,180
9130,180
9131,180
9132,180
9133,180
9134,180
9135,180
9136,180
9137,180
9138,180
9139,180
9140,180
9141,180
9142,180
9143,180
9144,180
9145,180
9146,180
9147,180
9148,180
9149,180
9150,180
9151,180
9152,180
9153,180
9154,180
9155,180
9156,180
9157,180
9158,180
9159,180
9160,180
9161,180
9162,180
9163,180
9164,180
9165,180
9166,180
9167,180
9168,180
9169,180
9170,180
9171,180
9172,180
9173,180
9174,180
9175,180
9176,180
9177,180
9178,180
9179,180
9180,180
9181,180
9182,180
9183,180
9184,180
9185,180
9186,180
9187,180
9188,180
9189,180
9190,180
9191,180
9192,180
9193,180
9194,180
9195,180
9196,180
9197,180
9198,180
9199,180
9200,180
9201,180
9202,180
9203,180
9204,180
9205,180
9206,180
9207,180
9208,180
9209,180
9210,180
9211,180
9212,180
9213,180
9214,180
9215,180
9216,180
9217,180
9218,180
9219,180
9220,180
9221,180
9222,180
9223,180
9224,180
9225,180
9226,180
9227,180
9228,180
9229,180
9230,180
9231,180
9232,180
9233,180
9234,180
9235,180
9236,180
9237,180
9238,180
9239,180
9240,180
9241,180
9242,180
9243,180
9244,180
9245,180
9246,180
9247,180
9248,180
9249,180
9250,180
9251,180
9252,180
9253,180
9254,180
9255,180
9256,180
9257,180
9258,180
9259,180
9260,180
9261,180
9262,180
9263,180
9264,180
9265,180
9266,180
9267,180
9268,180
9269,180
9270,180
9271,180
9272,180
9273,180
9274,180
9275,180
9276,180
9277,180
9278,180
9279,180
9280,180
9281,180
9282,180
9283,180
9284,180
9285,180
9286,180
9287,180
9288,180
9289,180
9290,180
9291,180
9292,180
9293,180
9294,180
9295,180
9296,180
9297,180
9298,180
9299,180
9300,180
9301,180
9302,180
9303,180
9304,180
9305,180
9306,180
9307,180
9308,180
9309,180
9310,180
9311,180
9312,180
9313,180
9314,180
9315,180
9316,180
9317,180
9318,180
9319,180
9320,180
9321,180
9322,180
9323,180
9324,180
9325,180
9326,180
9327,180
9328,180
9329,180
9330,180
9331,180
9332,180
9333,180
9334,180
9335,180
9336,180
9337,180
9338,180
9339,180
9340,180
9341,180
9342,180
9343,180
9344,180
9345,180
9346,180
9347,180
9348,180
9349,180
9350,180
9351,180
9352,180
9353,180
9354,180
9355,180
9356,180
9357,180
9358,180
9359,180
9360,180
9361,180
9362,180
9363,180
9364,180
9365,180
9366,180
9367,180
9368,180
9369,180
9370,180
9371,180
9372,180
9373,180
9374,180
9375,180
9376,180
9377,180
9378,180
9379,180
9380,180
9381,180
9382,180
9383,180
9384,180
9385,180
9386,180
9387,180
9388,180
9389,180
9390,180
9391,180
9392,180
9393,180
9394,180
9395,180
9396,180
9397,180
9398,180
9399,180
9400,180
9401,180
9402,180
9403,180
9404,180
9405,180
9406,180
9407,180
9408,180
9409,180
9410,180
9411,180
9412,180
9413,180
9414,180
9415,180
9416,180
9417,180
9418,180
9419,180
9420,180
9421,180
9422,180
9423,180
9424,180
9425,180
9426,180
9427,180
9428,180
9429,180
9430,180
9431,180
9432,180
9433,180
9434,180
9435,180
9436,180
9437,180
9438,180
9439,180
9440,180
9441,180
9442,180
9443,180
9444,180
9445,180
9446,180
9447,180
9448,180
9449,180
9450,180
9451,180
9452,180
9453,180
9454,180
9455,180
9456,180
9457,180
9458,180
9459,180
9460,180
9461,180
9462,180
9463,180
9464,180
9465,180
9466,180
9467,180
9468,180
9469,180
9470,180
9471,180
9472,180
9473,180
9474,180
9475,180
9476,180
9477,180
9478,180
9479,180
9480,180
9481,180
9482,180
9483,180
9484,180
9485,180
9486,180
9487,180
9488,180
9489,180
9490,180
9491,180
9492,180
9493,180
9494,180
9495,180
9496,180
9497,180
9498,180
9499,180
9500,180
9501,180
9502,180
9503,180
9504,180
9505,180
9506,180
9507,180
9508,180
9509,180
9510,180
9511,180
9512,180
9513,180
9514,180
9515,180
9516,180
9517,180
9518,180
9519,180
9520,180
9521,180
9522,180
9523,180
9524,180
9525,180
9526,180
9527,180
9528,180
9529,180
9530,180
9531,180
9532,180
9533,180
9534,180
9535,180
9536,180
9537,180
9538,180
9539,180
9540,180
9541,180
9542,180
9543,180
9544,180
9545,180
9546,180
9547,180
9548,180
9549,180
9550,180
9551,180
9552,180
9553,180
9554,180
9555,180
9556,180
9557,180
9558,180
9559,180
9560,180
9561,180
9562,180
9563,180
9564,180
9565,180
9566,180
9567,180
9568,180
9569,180
9570,180
9571,180
9572,180
9573,180
9574,180
9575,180
9576,180
9577,180
9578,180
9579,180
9580,180
9581,180
9582,180
9583,180
9584,180
9585,180
9586,180
9587,180
9588,180
9589,180
9590,180
9591,180
9592,180
9593,180
9594,180
9595,180
9596,180
9597,180
9598,180
9599,180
9600,180
9601,180
9602,180
9603,180
9604,180
9605,180
9606,180
9607,180
9608,180
9609,180
9610,180
9611,180
9612,180
9613,180
9614,180
9615,180
9616,180
9617,180
9618,180
9619,180
9620,180
9621,180
9622,180
9623,180
9624,180
9625,180
9626,180
9627,180
9628,180
9629,180
9630,180
9631,180
9632,180
9633,180
9634,180
9635,180
9636,180
9637,180
9638,180
9639,180
9640,180
9641,180
9642,180
9643,180
9644,180
9645,180
9646,180
9647,180
9648,180
9649,180
9650,180
9651,180
9652,180
9653,180
9654,180
9655,180
9656,180
9657,180
9658,180
9659,180
9660,180
9661,180
9662,180
9663,180
9664,180
9665,180
9666,180
9667,180
9668,180
9669,180
9670,180
9671,180
9672,180
9673,180
9674,180
9675,180
9676,180
9677,180
9678,180
9679,180
9680,180
9681,180
9682,180
9683,180
9684,180
9685,180
9686,180
9687,180
9688,180
9689,180
9690,180
9691,180
9692,180
9693,180
9694,180
9695,180
9696,180
9697,180
9698,180
9699,180
9700,180
9701,180
9702,180
9703,180
9704,180
9705,180
9706,180
9707,180
9708,180
9709,180
9710,180
9711,180
9712,180
9713,180
9714,180
9715,180
9716,180
9717,180
9718,180
9719,180
9720,180
9721,180
9722,180
9723,180
9724,180
9725,180
9726,180
9727,180
9728,180
9729,180
9730,180
9731,180
9732,180
9733,180
9734,180
9735,180
9736,180
9737,180
9738,180
9739,180
9740,180
9741,180
9742,180
9743,180
9744,180
9745,180
9746,180
9747,180
9748,180
9749,180
9750,180
9751,180
9752,180
9753,180
9754,180
9755,180
9756,180
9757,180
9758,180
9759,180
9760,180
9761,180
9762,180
9763,180
9764,180
9765,180
9766,180
9767,180
9768,180
9769,180
9770,180
9771,180
9772,180
9773,180
9774,180
9775,180
9776,180
9777,180
9778,180
9779,180
9780,180
9781,180
9782,180
9783,180
9784,180
9785,180
9786,180
9787,180
9788,180
9789,180
9790,180
9791,180
9792,180
9793,180
9794,180
9795,180
9796,180
9797,180
9798,180
9799,180
9800,180
9801,180
9802,180
9803,180
9804,180
9805,180
9806,180
9807,180
9808,180
9809,180
9810,180
9811,180
9812,180
9813,180
9814,180
9815,180
9816,180
9817,180
9818,180
9819,180
9820,180
9821,180
9822,180
9823,180
9824,180
9825,180
9826,180
9827,180
9828,180
9829,180
9830,180
9831,180
9832,180
9833,180
9834,180
9835,180
9836,180
9837,180
9838,180
9839,180
9840,180
9841,180
9842,180
9843,180
9844,180
9845,180
9846,180
9847,180
9848,180
9849,180
9850,180
9851,180
9852,180
9853,180
9854,180
9855,180
9856,180
9857,180
9858,180
9859,180
9860,180
9861,180
9862,180
9863,180
9864,180
9865,180
9866,180
9867,180
9868,180
9869,180
9870,180
9871,180
9872,180
9873,180
9874,180
9875,180
9876,180
9877,180
9878,180
9879,180
9880,180
9881,180
9882,180
9883,180
9884,180
9885,180
9886,180
9887,180
9888,180
9889,180
9890,180
9891,180
9892,180
9893,180
9894,180
9895,180
9896,180
9897,180
9898,180
9899,180
9900,180
9901,180
9902,180
9903,180
9904,180
9905,180
9906,180
9907,180
9908,180
9909,180
9910,180
9911,180
9912,180
9913,180
9914,180
9915,180
9916,180
9917,180
9918,180
9919,180
9920,180
9921,180
9922,180
9923,180
9924,180
9925,180
9926,180
9927,180
9928,180
9929,180
9930,180
9931,180
9932,180
9933,180
9934,180
9935,180
9936,180
9937,180
9938,180
9939,180
9940,180
9941,180
9942,180
9943,180
9944,180
9945,180
9946,180
9947,180
9948,180
9949,180
9950,180
9951,180
9952,180
9953,180
9954,180
9955,180
9956,180
9957,180
9958,180
9959,180
9960,180
9961,180
9962,180
9963,180
9964,180
9965,180
9966,180
9967,180
9968,180
9969,180
9970,180
9971,180
9972,180
9973,180
9974,180
9975,180
9976,180
9977,180
9978,180
9979,180
9980,180
9981,180
9982,180
9983,180
9984,180
9985,180
9986,180
9987,180
9988,180
9989,180
9990,180
9991,180
9992,180
9993,180
9994,180
9995,180
9996,180
9997,180
9998,180
9999,180
10000,180
